,aa_change,No_Mutations,pre,ten,fifty,hundred,No_Non_Syn,Non_Syn_Mutations,ten_fitness,fifty_fitness,hundred_fitness,ten_error,fifty_error,hundred_error,ten_z,fifty_z,hundred_z,ten_pval,fifty_pval,hundred_pval
0,T563T,1,1199117.0,38710.0,22850.0,20591.0,0,WT,0.0,0.0,0.0,0.007302976245100408,0.00944422206130934,0.009939584939355118,0.0,0.0,0.0,1.0,1.0,1.0
1,,1,34172.0,22.0,13.0,8.0,0,,-3.8924309293236665,-3.8761186709633737,-4.2346475632572975,0.21095111867912208,0.2723011825823679,0.343111818208617,-18.440767317817755,-14.226120589763836,-12.336712405200188,6.185716978140888e-76,6.308564255754441e-46,5.745430817140096e-35
2,"Y584Y,T563T",2,8627.0,97.0,61.0,51.0,0,,-1.0496274094755897,-0.9833047305406358,-1.056665468029228,0.10197541576167739,0.12814315314965577,0.13993849304204015,-10.26665191427394,-7.652730504862399,-7.531952387593664,9.960149666633093e-25,1.9675598217552936e-14,4.998718694752706e-14
3,"P564P,T563T",2,6509.0,30.0,16.0,22.0,0,,-1.9300609762313186,-2.0172893968118664,-1.6030398388538374,0.181568647092072,0.24658523658394021,0.21129946462012927,-10.621336320099063,-8.174907295180445,-7.578198016317489,2.3714171307582178e-26,2.960934482581919e-16,3.503873435382804e-14
4,"G536G,T563T",2,5918.0,134.0,101.0,62.0,0,,-0.3510438508592871,-0.10541136929305564,-0.48620898137835233,0.08735314933707074,0.10032833669561284,0.12735132274362698,-4.004703282860147,-1.0460396942732417,-3.8062802435329104,6.20953732801326e-05,0.29554270609696176,0.0001410725262174634
5,"V577V,T563T",2,5810.0,26.0,18.0,18.0,0,,-1.9570469041779845,-1.7892830229595986,-1.6851883933054093,0.1947681134486492,0.23296083994514954,0.23297114404398078,-10.041030751236093,-7.674313419729406,-7.226889641559371,1.0061719549464517e-23,1.663069972702487e-14,4.941813571498423e-13
6,"I561I,T563T",2,5664.0,70.0,45.0,45.0,0,,-0.9531309310025531,-0.863893432737588,-0.7597988030833984,0.11994833046871192,0.14899381440612275,0.14900992497312993,-7.93149217714523,-5.786570017434989,-5.087675070530908,2.16528240856234e-15,7.183815109533865e-09,3.6247971974260055e-07
7,"P560P,T563T",2,5591.0,215.0,27.0,37.0,0,,0.1771883105683268,-1.3544487121766668,-0.9401991542186379,0.06961236131062366,0.19127748407832065,0.1639966683429093,2.531464541582323,-7.072451671518497,-5.722537232048318,0.011358730142451463,1.5222000664915018e-12,1.0494483601668026e-08
8,"L571L,T563T",2,5464.0,22.0,17.0,18.0,0,,-2.059282328413586,-1.7834588745682092,-1.623794393759209,0.21131519239033653,0.23952130002889313,0.23299453016742608,-9.739260271293064,-7.440148851095603,-6.962905279412839,2.0504145897546198e-22,1.0057191143029024e-13,3.3332594967889967e-12
9,"I569I,T563T",2,5392.0,44.0,12.0,11.0,0,,-1.3640449215983494,-2.1066675843360056,-2.085954563620867,0.1506121495362523,0.28324907662642834,0.2952818351305518,-9.04604451160756,-7.433378328230088,-7.060284567284943,1.4824104646556371e-19,1.0585856503424048e-13,1.6616196976237566e-12
10,"P567P,T563T",2,5388.0,52.0,30.0,28.0,0,,-1.197978894946541,-1.21392749880447,-1.1776554654890414,0.13877991995006617,0.18170597765011137,0.18794333554382397,-8.620293487567809,-6.671718554099665,-6.257268952320803,6.6782722813283384e-18,2.528250837102165e-11,3.917774471329152e-10
11,"Y555Y,T563T",2,4927.0,38.0,32.0,24.0,0,,-1.4186985302403694,-1.060978800072133,-1.239451142202954,0.1618753698798564,0.1761157860701264,0.20265405713602594,-8.75523534165077,-6.01568209682885,-6.108750171253904,2.0367803394209456e-18,1.7913080874590505e-09,1.0041436633296668e-09
12,"P590P,T563T",2,4898.0,34.0,20.0,24.0,0,,-1.5224947232546158,-1.515891279021284,-1.2335484179607756,0.1709278154752697,0.22142544703760336,0.20265702141980757,-8.899119115105199,-6.839838568423954,-6.079569331784481,5.629165647437664e-19,7.928247082974817e-12,1.2050576881391441e-09
13,"Y578Y,T563T",2,4895.0,24.0,21.0,14.0,0,,-1.8641683097506774,-1.4676506100414584,-1.7574602660943572,0.20260124009608496,0.21624174851075678,0.26309538981632424,-9.195197490930898,-6.7806188393933295,-6.675173639181903,3.7430638572621235e-20,1.196621987431931e-11,2.4693961188431666e-11
14,"G534G,T563T",2,4813.0,61.0,27.0,34.0,0,,-0.9269123069127818,-1.204625594926445,-0.8737576459074672,0.12843122039366037,0.1913530299419602,0.1710048360717346,-7.205548559208239,-6.287651097042774,-5.100939918221931,5.78106368610266e-13,3.2230526276637525e-10,3.379708467631586e-07
15,"S576S,T563T",2,4801.0,21.0,24.0,14.0,0,,-1.975400445451643,-1.3176423809082958,-1.7380722193782587,0.216209534682216,0.20265535138576843,0.26310298965475093,-9.131301901092218,-6.494839056886509,-6.601343675633444,6.768041798621868e-20,8.312222421859934e-11,4.0744776178438313e-11
16,"G566G,T563T",2,4612.0,13.0,9.0,8.0,0,,-2.4006053354116315,-2.224865340123237,-2.231996345579272,0.27261244097273696,0.32484543513481945,0.34338500064204086,-8.802769240579227,-6.84610410131682,-6.497260722482901,1.3348083858739268e-18,7.588826492332113e-12,8.179563913622163e-11
17,"L587L,T563T",2,4563.0,66.0,53.0,56.0,0,,-0.7954129368023563,-0.4857953484359206,-0.3271417345312966,0.12362601170331235,0.13767830440525206,0.13404343614037195,-6.422828796829061,-3.5202091203874204,-2.4338829203097823,1.3376490939880096e-10,0.00043120667603997916,0.01493782596508882
18,"R548R,T563T",2,4540.0,24.0,14.0,11.0,0,,-1.7888890320864343,-1.7862756180843038,-1.9139826024874387,0.2026406507177119,0.263116616670666,0.29534075146376426,-8.82216100268248,-6.7845431886341165,-6.476923999263605,1.1227166874638898e-18,1.1645439539273126e-11,9.361131311318721e-11
19,"T595T,T563T",2,4360.0,31.0,19.0,26.0,0,,-1.4971241953426857,-1.4495593934782887,-1.0387344964016239,0.17889111206466166,0.22705941831578863,0.1949732756807159,-8.361948270442133,-6.378538001479184,-5.32066430421998,6.169089523724131e-17,1.787864843942179e-10,1.0338902569280032e-07
20,"L533L,T563T",2,4200.0,41.0,15.0,22.0,0,,-1.184035150075482,-1.6417506712606504,-1.1649807563212873,0.1560804893956478,0.2545560696471953,0.21149919388883204,-7.577764415116272,-6.445031665221035,-5.502131558352914,3.515600163371327e-14,1.1557628365477793e-10,3.752267865692462e-08
21,"L575L,T563T",2,4133.0,17.0,17.0,9.0,0,,-2.0314486362704947,-1.5043107541442116,-2.011125206812995,0.23960686468187142,0.23964427707923688,0.3248914915751433,-8.474321966436303,-6.272396578917785,-6.187249427077139,2.3645264058310463e-17,3.555326075419981e-10,6.122305341772832e-10
22,"L538L,T563T",2,3883.0,73.0,29.0,24.0,0,,-0.5339764141481437,-0.9197336748948775,-1.0013561910357807,0.11785418357451041,0.18493350542301099,0.20278861872186263,-4.522148954634726,-4.966848481695086,-4.9320100906143844,6.121495586864272e-06,6.804971447046189e-07,8.138771129769215e-07
23,"S531S,T563T",2,3754.0,39.0,29.0,23.0,0,,-1.121179460140095,-0.8859519865751139,-1.0092471991165852,0.16002958938092418,0.18495742429035888,0.2070481495062234,-6.998792026949768,-4.783799720458502,-4.868849380892675,2.5817876436853847e-12,1.720120829880298e-06,1.1224992130667981e-06
24,"P535P,T563T",2,3557.0,43.0,23.0,19.0,0,,-0.9708221243766016,-1.0594447591948437,-1.1419360851210663,0.15263115263149604,0.2070721720318974,0.22718394580583584,-6.353308175865661,-5.1109938021333345,-5.021678428549393,2.1073293249522057e-10,3.204684991107893e-07,5.122188910663707e-07
25,"S574S,T563T",2,3548.0,22.0,17.0,16.0,0,,-1.627534681261896,-1.3517112274165188,-1.3064570977852628,0.21154886052783178,0.23972747657118934,0.2468547497934874,-7.688841958409896,-5.634162283206826,-5.288127246868133,1.4847272585221038e-14,1.7591131449194113e-08,1.235750049527663e-07
26,"G585G,T563T",2,3520.0,20.0,10.0,8.0,0,,-1.712703150322058,-1.8546148971766596,-1.9618293611896769,0.2215653517517939,0.309138710717805,0.343482906501783,-7.7258178693717126,-5.996499220487281,-5.709187951816317,1.1113743834142267e-14,2.016165775166939e-09,1.1351647816814132e-08
27,"T553T,T563T",2,3520.0,36.0,10.0,11.0,0,,-1.1358157758779746,-1.8546148971766596,-1.6595484893167436,0.16645713431989242,0.309138710717805,0.2954487603198118,-6.816915498751357,-5.996499220487281,-5.613867325577564,9.301593755212768e-12,2.016165775166939e-09,1.9785393956195937e-08
28,"I530I,T563T",2,3498.0,197.0,320.0,271.0,0,,0.5588792676479925,1.5701608417938238,1.5083353344612787,0.07331981081163036,0.0587414526323479,0.06339144827088167,7.584954046444505,26.3911156405701,23.506781746039778,3.326049263956556e-14,1.732867277514243e-153,3.476775856757104e-122
29,"G544G,T563T",2,3489.0,76.0,14.0,7.0,0,,-0.38699273013194885,-1.5229969394116272,-2.0781479386417017,0.11569414921936351,0.2632426407599811,0.36560813040119083,-3.338319502608145,-5.781805479219284,-5.6819862824225185,0.0008428677090736572,7.3903133415489655e-09,1.3313934215709336e-08
30,"A543A,T563T",2,3479.0,73.0,101.0,100.0,0,,-0.42412821057334643,0.42578306381598785,0.5199766224874657,0.11798095830467219,0.10091685205425273,0.10142506615823345,-3.5880196878698976,4.200792129681394,5.102265075173984,0.00033319913505062553,2.6598272099354284e-05,3.3561222387654293e-07
31,"T525T,T563T",2,3399.0,69.0,37.0,32.0,0,,-0.4568266209030006,-0.5466745583710986,-0.5856807723575825,0.12128197246774533,0.1643332718528233,0.17638817803251353,-3.7598389065743505,-3.3211412749743774,-3.3151490317530126,0.00017002280518452464,0.0008965014552512814,0.0009159427832542399
32,"H551H,T563T",2,3363.0,36.0,39.0,41.0,0,,-1.0901948493844473,-0.48406855593953374,-0.33058117095576767,0.16649695599430617,0.16018227652194628,0.15634286861552424,-6.541546837627416,-3.0167468997974476,-2.1102024818909038,6.088575887319034e-11,0.0025550304832333086,0.034840918856145486
33,"R557R,T563T",2,3362.0,45.0,23.0,15.0,0,,-0.8694974304604226,-1.0030714531409308,-1.3151372207116534,0.14933883111420473,0.2071115301571839,0.25468200658106593,-5.815363773578602,-4.838118943199419,-5.159912204451657,6.050216772917085e-09,1.3107369875493375e-06,2.470656762865982e-07
34,"V547V,T563T",2,3333.0,24.0,9.0,10.0,0,,-1.4798746970146661,-1.900118133832569,-1.6959400456213969,0.2028373196982756,0.3249734443930126,0.3091722463501996,-7.291145698465374,-5.844527549260815,-5.482588805847586,3.073301822328156e-13,5.08007968371757e-09,4.191464744540134e-08
35,"V558V,T563T",2,3287.0,5.0,6.0,6.0,0,,-2.9599043167548276,-2.265712349965378,-2.1616177203111886,0.42678921150692856,0.3926766265272625,0.39268273966402306,-6.934268721592373,-5.768250987710633,-5.502980812051439,4.083278295400875e-12,8.00984545806525e-09,3.734230767121588e-08
36,"T539T,T563T",2,3282.0,17.0,14.0,3.0,0,,-1.8009294577547155,-1.461843807131372,-2.779134858408343,0.2397377102649387,0.2632769639671334,0.5348535586848697,-7.508599484896566,-5.548925173945911,-5.195169859901809,5.976326122513435e-14,2.874311531023716e-08,2.0453300277366727e-07
37,"P552P,T563T",2,3243.0,20.0,19.0,46.0,0,,-1.6307531190159803,-1.1536256574643584,-0.18049318078655952,0.22162008812704612,0.22723326533051083,0.14786170208682417,-7.354335307506728,-5.07245525114207,-1.2179404607235276,1.9187951927286012e-13,3.9271550272695647e-07,0.22324659918449863
38,"A532A,T563T",2,3212.0,23.0,20.0,8.0,0,,-1.4845740405605945,-1.094011693440062,-1.8702757864339643,0.20710176789943768,0.221667247280112,0.3435225473598572,-7.163878466892996,-4.930904860899784,-5.442127162792343,7.842593765754783e-13,8.184959233386997e-07,5.264806977924565e-08
39,"D596D,T563T",2,3158.0,22.0,19.0,18.0,0,,-1.5111069336356133,-1.1270698951500033,-1.075618998981236,0.21163108741230763,0.22725152129540527,0.23328107019707037,-7.136040539160507,-4.955292987815205,-4.606648856869286,9.605769111547666e-13,7.222137867820874e-07,4.0921015427171905e-06
40,"I572I,T563T",2,3144.0,20.0,11.0,8.0,0,,-1.5997550203464281,-1.6506949889953033,-1.8488812312140472,0.22164198636237642,0.29549811164720774,0.3435323450283485,-7.213828725688504,-5.5832931133400105,-5.379719993502555,5.44001733339974e-13,2.3600648674022703e-08,7.460178016658771e-08
41,"T589T,T563T",2,2898.0,47.0,13.0,8.0,0,,-0.6779886622464247,-1.4088908057163532,-1.7674196980102768,0.14637043536032568,0.27288033417022084,0.3435716264995094,-4.626250810769241,-5.159945935937836,-5.142102550522287,3.72344365526488e-06,2.470211661518239e-07,2.7168074448355973e-07
42,"N568N,T563T",2,2706.0,20.0,16.0,18.0,0,,-1.4497564125999027,-1.1396830357114471,-0.9211780548795134,0.22175805603238136,0.24702254583457917,0.23339437141414074,-6.534016965762599,-4.610312005016157,-3.9432991988229,6.402868742518492e-11,4.020650856639132e-06,8.036828594113833e-05
43,"T581T,T563T",2,2699.0,10.0,4.0,4.0,0,,-2.116216325002097,-2.436376303263017,-2.3322816736088274,0.30924941542271855,0.4718445272095179,0.4718496146727103,-6.8411656889002055,-5.16248102224379,-4.941753281278705,7.855133806036573e-12,2.4369808814321283e-07,7.742315154242202e-07
44,"G537G,T563T",2,2579.0,34.0,30.0,35.0,0,,-0.8811612691546232,-0.4772560274522883,-0.22135538493009438,0.17146383294111367,0.18226122445692167,0.1691333313937659,-5.134395367629648,-2.615019188633148,-1.3065084720752183,2.8305251061773624e-07,0.008922244278807962,0.1913796998413686
45,"N582N,T563T",2,2537.0,14.0,7.0,4.0,0,,-1.7315557064307467,-1.8636634531887277,-2.2703944473005286,0.26341274198935083,0.3657485730231298,0.4718746746399475,-6.5710208257266185,-5.093779160032618,-4.810368212370631,4.997146892486546e-11,3.5099559572105185e-07,1.506525077451972e-06
46,"G570G,T563T",2,2507.0,20.0,8.0,5.0,0,,-1.373386366198961,-1.7266072067207694,-2.0578306483244253,0.22182416037286967,0.34364292380017575,0.42692667178544547,-6.187976430857918,-5.022526017515132,-4.818797464437541,6.094143725713144e-10,5.099628645435187e-07,1.4442607318422886e-06
47,"H554H,T563T",2,2491.0,2.0,5.0,6.0,0,,-3.471119218354537,-2.1555239758639835,-1.8843752615466278,0.6327938300669449,0.4269240484244577,0.3928064614543814,-5.48502200144789,-5.047728654446604,-4.795675374803866,4.134179609557143e-08,4.4709352558031364e-07,1.6212765481543788e-06
48,"V594V,T563T",2,2339.0,14.0,5.0,11.0,0,,-1.650313593386975,-2.0925762684487954,-1.2508826956638266,0.2634760439460438,0.4269545880353243,0.29569132752682115,-6.261214436107228,-4.899969630018073,-4.227978503337343,3.819908135608103e-10,9.58514706591459e-07,2.358003142277957e-05
49,"N573N,T563T",2,2268.0,1086.0,1188.0,1124.0,0,,2.6970729680852332,3.3139413373152804,3.362682451568592,0.03725417048378682,0.036425448642193436,0.0371416440901892,71.04435291467868,88.0667909719227,87.45909896331126,0.0,0.0,0.0
50,"R542R,T563T",2,2249.0,37.0,47.0,50.0,0,,-0.6608920478120945,0.10263461237841906,0.26797286727332703,0.16473577823142796,0.14677115341901598,0.14246375365064765,-4.007894292119534,0.6978400668809709,1.8764283562840778,6.126252802856427e-05,0.485277218867911,0.06059648387730319
51,"R540R,T563T",2,2201.0,47.0,44.0,33.0,0,,-0.4029342466624457,0.058963113595436475,-0.12088600709154773,0.14674308862198251,0.1515610191503231,0.17422508341623325,-2.742454101953755,0.38828566858900376,-0.6927232170569725,0.006098197168964892,0.6978046417418151,0.48848326609177695
52,"R528R,T563T",2,2186.0,15.0,2.0,4.0,0,,-1.5159870794350072,-2.81339848935977,-2.1215171948034612,0.25495126533435414,0.632852232829658,0.4719417038458431,-5.943745823013803,-4.445090209676266,-4.494298376002704,2.7858146221502475e-09,8.78549946010338e-06,6.9799701676682615e-06
53,"G556G,T563T",2,2120.0,8.0,10.0,4.0,0,,-2.0861107579256073,-1.3476637821321173,-2.0908670128651314,0.3437227261099157,0.3094418827391524,0.47195678487176135,-6.067797966501673,-4.353116476934797,-4.429226453138601,1.2967588510676811e-09,1.3421579414483824e-05,9.457168132961581e-06
54,"D549D,T563T",2,2060.0,55.0,63.0,69.0,0,,-0.18109066253371583,0.4807041047388245,0.6750855810651145,0.136124956735871,0.1275850589157725,0.12216057457429914,-1.3284163208693682,3.757434547481637,5.508012714524414,0.18404061068762945,0.00017166424771011406,3.629072013639028e-08
55,"V550V,T563T",2,1909.0,22.0,26.0,14.0,0,,-1.007851129962429,-0.31708382405434393,-0.8159852779658022,0.21211979746931114,0.1957144425553064,0.2637017486076297,-4.748516437405666,-1.618252029486365,-3.0921533635173524,2.0491423623638694e-06,0.1056082941567863,0.001987101585353984
56,"E562E,T563T",2,1844.0,37.0,40.0,40.0,0,,-0.462392316567598,0.14170660669481364,0.24580123634900322,0.16503177191830004,0.15899090236448093,0.15900600002479018,-2.799098857105871,0.8897192209836068,1.5428499140634608,0.005124544577831639,0.37361667055319747,0.12286719555106854
57,"D601D,T563T",2,1832.0,33.0,10.0,11.0,0,,-0.5686607274370186,-1.2016930269782784,-1.0066266191183622,0.1744222336508803,0.3095616166377127,0.29589123340444046,-3.2573997164846826,-3.8801133862280732,-3.4000978567566853,0.0011243797979788583,0.00010440778112167592,0.0006736174095258455
58,"V598V,T563T",2,1752.0,15.0,1.0,5.0,0,,-1.294728327490777,-3.10296536118153,-1.69958774739708,0.2551732924361236,0.8168732317448366,0.42712784140346116,-5.07184115518052,-3.7983347720375455,-3.9780308903459463,3.939851915161458e-07,0.00014567148661063983,6.948834582918194e-05
59,"T600T,T563T",2,1733.0,12.0,8.0,5.0,0,,-1.4989388533240553,-1.3574634520097568,-1.688686893613413,0.28390761585399926,0.3439019091217506,0.4271351625673645,-5.277925315578277,-3.9457526503369245,-3.9524487970490507,1.3065469128282053e-07,7.954970172162095e-05,7.735548491567552e-05
60,"R529R,T563T",2,1713.0,10.0,4.0,6.0,0,,-1.6616878166584186,-1.981847794919339,-1.510028385139832,0.3095938674879634,0.4720703546129909,0.3930383598805317,-5.365822364875309,-4.197364415323825,-3.8407084654997825,8.058121830097981e-08,2.7003922557941325e-05,0.00012267974055341004
61,"L521L,T563T",2,1646.0,64.0,34.0,31.0,0,,0.1934883894780751,0.09492037183994555,0.10804322328840854,0.1270350015624283,0.17215531601871648,0.18000771745225463,1.5206002397474336,0.5505369518361435,0.5993014622968122,0.12836018662495774,0.5819511393058903,0.5489718729325566
62,"R592R,T563T",2,1644.0,9.0,11.0,2.0,0,,-1.720669599529849,-1.0024764806408568,-2.4244381544817166,0.32541959404799886,0.295988523373646,0.6329751063343586,-5.286210490669585,-3.3851534412592086,-3.829754555592841,1.248761963255477e-07,0.00071138476102192,0.00012827113413491458
63,"A579A,T563T",2,1625.0,11.0,3.0,5.0,0,,-1.5179934368819883,-2.1804396216295414,-1.6243598682322948,0.29597024140048983,0.5351393068201707,0.4271800262384475,-5.127311220571508,-4.073892752965418,-3.801489387160918,2.9390944378909786e-07,4.623377856571798e-05,0.00014382890047792167
64,"C559C,T563T",2,1624.0,27.0,8.0,3.0,0,,-0.6455390829438621,-1.2925210419938338,-2.0757296073405467,0.1923691168494331,0.3439581798874353,0.5351441463862286,-3.3533158289584186,-3.7563697240219693,-3.878154457120647,0.0007984953476670731,0.0001723959487506217,0.00010525188824545333
65,"G597G,T563T",2,1519.0,10.0,5.0,7.0,0,,-1.5415310877006028,-1.661020370499372,-1.2467708125413428,0.30971417983345517,0.42722463611565026,0.36611588633725384,-4.975886860399864,-3.8869824666862947,-3.4041450921208454,6.494957722791465e-07,0.00010149808220366276,0.0006637148832705493
66,"F545F,T563T",2,1506.0,11.0,11.0,7.0,0,,-1.4419670557083841,-0.914829173582101,-1.2381785587548513,0.2960523242814218,0.29608260443090123,0.36612364202547765,-4.869168105959382,-3.0882062140722244,-3.3806135026611805,1.120690401888366e-06,0.002013686862493991,0.0007232419706538331
67,"Q580Q,T563T",2,1365.0,5.0,2.0,2.0,0,,-2.081297581182567,-2.342617059420554,-2.2385224297663644,0.4272905112779191,0.633069450490321,0.633073242329297,-4.870207982916924,-3.6999991472560967,-3.53552547448297,1.1148084315358679e-06,0.00021560019141349124,0.0004069650044281861
68,"L606L,T563T",2,1332.0,37.0,23.0,23.0,0,,-0.13724095557086732,-0.07744358527083588,0.026651044383353643,0.16566171084724704,0.20820244282353012,0.20821397217021004,-0.8276372008162138,-0.37158081837291296,0.12785275152927575,0.40787599378383965,0.7102049728335951,0.8982655028961777
69,"P520P,T563T",2,1299.0,50.0,25.0,21.0,0,,0.1854687496925365,0.029311747701886166,-0.03721913967468788,0.14352063848134283,0.20007451032236895,0.21755586023459428,1.2906095322781914,0.1463412121175365,-0.17090027217128775,0.19683910894744627,0.8836520334711657,0.8643021826496134
70,"N518N,T563T",2,1293.0,32.0,25.0,23.0,0,,-0.2506366447976246,0.033939600157347295,0.05635619879726963,0.17767665505274519,0.20008343057376002,0.20826830151088335,-1.4094434445509012,0.16943859291888794,0.27028658467050964,0.15870408542460512,0.8654516695746534,0.7869397852926407
71,"T563T,E565E",2,1139.0,16.0,3.0,3.0,0,,-0.8017542002864366,-1.8252137305713203,-1.7211191009171307,0.2480127118155764,0.5353844042036475,0.535388887887773,-3.23131356291564,-3.4086346268416405,-3.2141544423590824,0.001232226808198381,0.0006528886091916564,0.0013082928312946097
72,"E546E,T563T",2,1110.0,18.0,6.0,5.0,0,,-0.6615646437574356,-1.1803953168138401,-1.2433547718228168,0.23448073707124029,0.39343518625527807,0.42751382991075854,-2.8200355231447447,-2.999364121664316,-2.907552395027282,0.004801833344678147,0.0027054376750217483,0.0036426931610603116
73,"T563T,A579A",2,1051.0,9.0,4.0,8.0,0,,-1.273450929043492,-1.49352744874743,-0.7534440523732436,0.3259460798579733,0.4724593540574883,0.34445243335900233,-3.905957115277798,-3.1605452059549894,-2.1864573636648283,9.385315696629197e-05,0.0015747416667811754,0.028782160752964747
74,"T563T,K593K",2,1045.0,9.0,2.0,4.0,0,,-1.2677284527694257,-2.075591637375483,-1.3837103428191742,0.32595445200026324,0.6332464581963396,0.4724702107536965,-3.8883051847152883,-3.2773350968737027,-2.928024274535883,0.0001009466484512904,0.001047919217820829,0.003411234114431522
75,"E541E,T563T",2,1036.0,6.0,5.0,5.0,0,,-1.6385724874814753,-1.2784886900183585,-1.1743940603641692,0.3934940989550352,0.42758339983986327,0.4275890139232158,-4.1634432725323505,-2.989304416506376,-2.745806961153479,3.1348393605404575e-05,0.0027961339705954405,0.006036226928810883
76,"H526H,T563T",2,774.0,1.0,1.0,7.0,0,,-2.8135222842559915,-2.2863844021297086,-0.5728518600414184,0.8173031805773991,0.8173141494652385,0.3669794089481923,-3.4423088502553907,-2.7972497197898485,-1.5604195836596895,0.0005767713265306929,0.005153968100340618,0.1186607598954204
77,"F586F,T563T",2,730.0,1.0,2.0,1.0,0,,-2.755033855589822,-1.7170703496975486,-2.1238013438093497,0.817350756279855,0.6335720338357255,0.8173646614177885,-3.3705528129753386,-2.7098412254491397,-2.5981601961510314,0.0007501752495474653,0.006731542351924745,0.009372475747537447
78,"N519N,T563T",2,725.0,23.0,19.0,7.0,0,,0.0033696163186381573,0.34392154286450916,-0.5074952725087377,0.20966215197854665,0.2295757123458799,0.3670982031549758,0.016061907250906962,1.4968085991064726,-1.3819445157319876,0.9871850032023582,0.13444306814442678,0.16698873805581427
79,"E588E,T563T",2,713.0,0.0,2.0,2.0,0,,-3.830099349984069,-1.6935235554236856,-1.589428925769496,1.414718420190705,0.633597773323926,0.6336015620011118,-2.707286668971924,-2.6725716605579275,-2.50825357979051,0.006783565300480825,0.007527229555249712,0.01213295614527001
80,"T563T,G585G",2,693.0,0.0,0.0,1.0,0,,-3.801668152822064,-3.274530270695781,-2.0718233523734817,1.4147327054246217,1.4147390422732466,0.8174093377299413,-2.6871630855926467,-2.3145309579773157,-2.534434219799965,0.007206175910914001,0.02063861512458087,0.011262907094836804
81,"T563T,E583E",2,690.0,8.0,4.0,2.0,0,,-0.9641195418603088,-1.0729704264540223,-1.5566624617019518,0.3451404807868699,0.4729852479841606,0.6336384012965339,-2.7927868199412527,-2.268055087899167,-2.456402535200344,0.005225611767188744,0.02332584928524607,0.014033586385348103
82,"T563T,T595T",2,650.0,2.0,0.0,0.0,0,,-2.1282202985856378,-3.2105203288934545,-3.1064256992392654,0.6336907335184567,1.4147727293389964,1.414774426080188,-3.358229607884993,-2.269232882451632,-2.1956496954796036,0.0007844342456155716,0.02325416761522914,0.02811702632925683
83,"T563T,V599V",2,615.0,9.0,4.0,4.0,0,,-0.7379128795252458,-0.9579893992291837,-0.853894769574994,0.32697785857053574,0.4731717597839204,0.4731768329770845,-2.2562044432657298,-2.024209213109088,-1.8042016848061395,0.02405783042311814,0.042948630034155715,0.07119969532991963
