,.,A,T,C,G,-,Mutation_Frequency
0,0.9951881549016149,0.0019808159333577543,0.0019310694144834728,1.8089643227011455e-05,0.0008818701073168084,0.0,0.004811845098385046
1,0.9974855395914454,2.261205403376432e-05,0.00042962902664152205,0.0016009334255905137,0.0004612859022887921,0.0,0.002514460408554592
2,0.9989055765847658,1.3567232420258592e-05,0.00028491188082543044,0.0004929427779360622,0.00030300152405244186,0.0,0.0010944234152341931
3,0.9979875271909949,0.001126080290881463,0.0006919288534331881,4.522410806752864e-06,7.688098371479869e-05,0.00011306027016882159,0.0018994125388362027
4,0.99877442667137,0.000397972150994252,0.0006376599237521538,4.522410806752864e-06,4.522410806752864e-05,0.00014019473500933877,0.0010853785936206872
5,0.9985980526499066,0.00040701697260775774,0.000795944301988504,4.522410806752864e-06,9.9493037748563e-05,9.497062694181015e-05,0.0013069767231515775
6,0.9986116198823268,0.0007688098371479869,0.00026682223759841897,0.00011758268097557446,0.0,0.00023516536195114892,0.0011532147557219803
7,0.9987111129200754,0.00015376196742959738,0.0007009736750466939,4.522410806752864e-06,4.070169726077577e-05,0.00038892732938074627,0.0008999597505438199
8,0.9992221453412385,7.688098371479869e-05,1.8089643227011455e-05,0.0002713446484051718,4.97465188742815e-05,0.0003617928645402291,0.0004160617942212635
9,0.9990909954278426,0.00022612054033764318,0.00024421018356465466,7.235857290804582e-05,4.97465188742815e-05,0.0003165687564727005,0.0005924358156846251
10,0.9994799227572234,8.592580532830441e-05,2.261205403376432e-05,0.0001492395566228445,2.7134464840517184e-05,0.00023516536195114892,0.00028491188082543044
11,0.9983402752339217,0.00018089643227011456,0.0011079906476544517,3.165687564727005e-05,2.261205403376432e-05,0.0003165687564727005,0.0013431560096056007
12,0.9994527882923829,5.879134048778723e-05,1.3567232420258592e-05,0.00034822563211997054,3.617928645402291e-05,9.044821613505728e-05,0.00045676349148203926
13,0.9991723988223642,0.00028491188082543044,0.0003617928645402291,1.8089643227011455e-05,0.00014471714581609164,1.8089643227011455e-05,0.0008095115344087626
14,0.9987789490821767,6.783616210129295e-05,0.0007733322479547397,2.261205403376432e-05,0.0003391808105064648,1.8089643227011455e-05,0.0012029612745962617
15,0.9992945039141465,0.00022612054033764318,0.00038440491857399343,4.97465188742815e-05,4.522410806752864e-05,0.0,0.0007054960858534466
16,0.9997512674056286,0.0,7.235857290804582e-05,9.044821613505728e-06,0.00016280678904310309,4.522410806752864e-06,0.0002442101835646546
17,0.9996969984759475,8.592580532830441e-05,4.522410806752864e-06,0.00010401544855531587,3.165687564727005e-05,7.688098371479869e-05,0.00022612054033764318
18,0.9999050293730581,0.0,4.522410806752864e-06,8.592580532830441e-05,4.522410806752864e-06,0.0,9.497062694181015e-05
19,0.9995839382057787,0.0,0.00015828437823635024,3.165687564727005e-05,0.00020350848630387887,2.261205403376432e-05,0.00039344974018749916
20,0.9983854993419893,0.00019446366469037313,0.0013929025284798822,0.0,2.7134464840517184e-05,0.0,0.0016145006580107724
21,0.9978925565640532,0.0016235454796242781,0.00043415143744827495,4.97465188742815e-05,0.0,0.0,0.0021074434359468347
22,0.8309477616327712,0.00032109116727945333,0.16869044550268858,0.0,3.617928645402291e-05,4.522410806752864e-06,0.16904771595642207
23,0.9992899815033398,0.0,0.0004929427779360622,2.7134464840517184e-05,0.00018541884307686743,4.522410806752864e-06,0.0007054960858534468
24,0.999669864011107,0.00017185161065660882,0.0001356723242025859,0.0,2.261205403376432e-05,0.0,0.000330135988892959
25,0.9997784018704691,9.044821613505728e-06,3.617928645402291e-05,2.7134464840517184e-05,0.00012210509178232733,2.7134464840517184e-05,0.00019446366469037313
26,0.9997648346380489,0.0,6.783616210129295e-05,2.261205403376432e-05,0.00014471714581609164,0.0,0.00023516536195114892
27,0.9997829242812759,0.0,4.97465188742815e-05,5.426892968103437e-05,0.00011306027016882159,0.0,0.00021707571872413745
28,0.9996155950814261,0.00020350848630387887,0.00016280678904310309,0.0,1.3567232420258592e-05,4.522410806752864e-06,0.00037988250776724053
29,0.9993713848978614,0.00042962902664152205,0.00016280678904310309,3.165687564727005e-05,0.0,4.522410806752864e-06,0.0006240926913318953
30,0.9997422225840151,8.592580532830441e-05,0.0,0.00015828437823635024,9.044821613505728e-06,4.522410806752864e-06,0.0002532550051781604
31,0.9994030417735086,0.00012210509178232733,0.00044319625906178063,0.0,1.8089643227011455e-05,1.3567232420258592e-05,0.0005833909940711194
32,0.9799657201260848,0.019758412814703263,0.0002487325943714075,2.7134464840517184e-05,0.0,0.0,0.02003427987391519
33,0.9997150881191745,5.879134048778723e-05,0.0,0.00020803089711063174,9.044821613505728e-06,9.044821613505728e-06,0.0002758670592119247
34,0.9997693570488556,0.0,6.783616210129295e-05,1.3567232420258592e-05,0.0001492395566228445,0.0,0.00023064295114439605
35,0.9997874466920826,8.140339452155154e-05,0.0,0.00011758268097557446,1.3567232420258592e-05,0.0,0.0002125533079173846
36,0.999687953654334,0.00016280678904310309,0.0001356723242025859,0.0,1.3567232420258592e-05,0.0,0.0003120463456659476
37,0.9996382071354598,9.9493037748563e-05,4.522410806752864e-06,0.00022612054033764318,2.261205403376432e-05,9.044821613505728e-06,0.0003527480429267234
38,0.9917330330452557,0.008013711949566075,0.00023064295114439605,0.0,1.3567232420258592e-05,9.044821613505728e-06,0.00825792213313073
39,0.9991181298926832,0.0003346583996997119,0.0005065100103563208,0.0,3.617928645402291e-05,4.522410806752864e-06,0.0008773476965100557
40,0.998720157741689,0.0010130200207126416,0.00020350848630387887,2.7134464840517184e-05,0.0,3.617928645402291e-05,0.0012436629718570378
41,0.9996065502598125,0.00021707571872413747,0.0001356723242025859,0.0,2.261205403376432e-05,1.8089643227011455e-05,0.0003753600969604877
42,0.9997422225840151,0.0,7.688098371479869e-05,9.044821613505728e-06,0.00016732919984985595,4.522410806752864e-06,0.0002532550051781604
43,0.9995522813301315,0.00022612054033764318,0.00019446366469037313,0.0,2.7134464840517184e-05,0.0,0.0004477186698685335
44,0.9992718918601128,9.9493037748563e-05,0.0,0.0005788685832643666,4.97465188742815e-05,0.0,0.0007281081398872111
45,0.9993759073086681,0.00026682223759841897,0.00034370322131321764,0.0,1.3567232420258592e-05,0.0,0.0006240926913318952
46,0.9992357125736587,0.000465808313095545,0.0002758670592119247,1.3567232420258592e-05,0.0,9.044821613505728e-06,0.0007552426047277283
47,0.9987879939037902,0.0009677959126451128,0.00016732919984985595,7.688098371479869e-05,0.0,0.0,0.0012120060962097674
48,0.9987608594389498,8.592580532830441e-05,0.001062766539586923,0.0,3.617928645402291e-05,5.426892968103437e-05,0.0011848716313692504
49,0.9995296692760977,0.00018541884307686743,0.0002713446484051718,4.522410806752864e-06,9.044821613505728e-06,0.0,0.0004703307239022978
50,0.9993035487357601,0.00023064295114439605,0.0004477186698685335,0.0,1.8089643227011455e-05,0.0,0.0006964512642399411
51,0.9993352056114073,0.0,0.00012210509178232733,3.617928645402291e-05,0.0004884203671293093,1.8089643227011455e-05,0.0006467047453656595
52,0.9994482658815762,0.00034370322131321764,0.0001492395566228445,3.617928645402291e-05,0.0,2.261205403376432e-05,0.0005291220643900851
53,0.9997015208867543,0.0001492395566228445,0.0001266275025890802,2.261205403376432e-05,0.0,0.0,0.000298479113245689
54,0.9984533355040905,0.00022159812953089032,0.0012798422583110605,0.0,2.7134464840517184e-05,1.8089643227011455e-05,0.001528574852682468
55,0.9993713848978614,0.00037083768615373485,0.00024421018356465466,9.044821613505728e-06,0.0,4.522410806752864e-06,0.0006240926913318952
56,0.9995206244544842,0.00028038947001867754,0.00016280678904310309,3.617928645402291e-05,0.0,0.0,0.0004793755455158035
57,0.9996608191894936,7.235857290804582e-05,4.522410806752864e-06,0.00024421018356465466,1.3567232420258592e-05,4.522410806752864e-06,0.0003346583996997119
58,0.9994618331139964,0.00022159812953089032,0.0002939567024389361,0.0,1.8089643227011455e-05,4.522410806752864e-06,0.0005336444751968379
59,0.999561326151745,7.688098371479869e-05,0.0,0.00034822563211997054,1.3567232420258592e-05,0.0,0.0004386738482550278
60,0.9995025348112572,0.00023516536195114892,0.0002125533079173846,4.522410806752864e-05,0.0,4.522410806752864e-06,0.0004929427779360622
61,0.999561326151745,0.0,0.00014019473500933877,3.617928645402291e-05,0.0002622998267916661,0.0,0.00043867384825502784
62,0.9995884606165855,0.0001763740214633617,0.0002125533079173846,0.0,9.044821613505728e-06,1.3567232420258592e-05,0.000397972150994252
63,0.999597505438199,0.0002487325943714075,0.00014019473500933877,0.0,1.3567232420258592e-05,0.0,0.00040249456180100485
64,0.9993804297194748,0.0003617928645402291,0.00023516536195114892,0.0,2.261205403376432e-05,0.0,0.0006195702805251423
65,0.9987563370281429,0.0009994527882923828,0.00020350848630387887,2.7134464840517184e-05,0.0,1.3567232420258592e-05,0.001230095739436779
66,0.9996020278490058,0.0001266275025890802,0.0,0.0002487325943714075,1.8089643227011455e-05,4.522410806752864e-06,0.00039344974018749916
67,0.999687953654334,0.0001356723242025859,0.00016732919984985595,4.522410806752864e-06,0.0,4.522410806752864e-06,0.0003075239348591947
68,0.9996472519570733,0.0,9.497062694181015e-05,9.044821613505728e-06,0.0002487325943714075,0.0,0.0003527480429267234
69,0.9998236259785367,0.0,5.426892968103437e-05,4.522410806752864e-06,0.00011758268097557446,0.0,0.0001763740214633617
70,0.9993985193627019,0.0001763740214633617,0.000397972150994252,0.0,2.7134464840517184e-05,0.0,0.0006014806372981309
71,0.9990909954278426,0.0007190633182737054,0.00017185161065660882,1.8089643227011455e-05,0.0,0.0,0.0009090045721573257
72,0.9997422225840151,5.426892968103437e-05,0.0,0.0001899412538836203,1.3567232420258592e-05,0.0,0.00025777741598491323
73,0.9978925565640532,0.0017682626254403697,0.0002396877727579018,9.044821613505728e-05,4.522410806752864e-06,4.522410806752864e-06,0.0021029210251400816
74,0.9986387543471674,0.00014019473500933877,0.0011713043989489916,0.0,4.97465188742815e-05,0.0,0.0013612456528326118
75,0.9993487728438276,0.0,0.00011758268097557446,2.7134464840517184e-05,0.0005019875995495678,4.522410806752864e-06,0.0006467047453656595
76,0.9996291623138462,0.0001356723242025859,0.00021707571872413747,1.8089643227011455e-05,0.0,0.0,0.00037083768615373485
77,0.9994527882923829,0.0003346583996997119,0.00018541884307686743,2.7134464840517184e-05,0.0,0.0,0.0005472117076170965
78,0.9995839382057787,0.00023064295114439605,0.00018541884307686743,0.0,0.0,0.0,0.0004160617942212635
79,0.9997377001732083,5.879134048778723e-05,0.0,0.00018089643227011456,1.8089643227011455e-05,4.522410806752864e-06,0.00025777741598491323
80,0.9996065502598125,0.00011758268097557446,0.0,0.00025777741598491323,1.8089643227011455e-05,0.0,0.00039344974018749916
81,0.9994482658815762,0.0001492395566228445,0.00038440491857399343,0.0,1.8089643227011455e-05,0.0,0.0005517341184238494
82,0.9995568037409382,0.0002532550051781604,0.0001356723242025859,4.522410806752864e-05,0.0,9.044821613505728e-06,0.0004341514374482749
83,0.9997196105299814,0.0,0.00010401544855531587,3.617928645402291e-05,0.0001356723242025859,4.522410806752864e-06,0.0002758670592119247
84,0.9996924760651408,0.0,0.00010401544855531587,2.7134464840517184e-05,0.0001763740214633617,0.0,0.00030752393485919475
85,0.9996924760651408,0.00012210509178232733,0.00016732919984985595,1.8089643227011455e-05,0.0,0.0,0.00030752393485919475
86,0.999687953654334,5.879134048778723e-05,4.522410806752864e-06,0.00016280678904310309,8.592580532830441e-05,0.0,0.0003120463456659476
87,0.9997512674056286,0.00011306027016882159,0.0,0.00011758268097557446,1.8089643227011455e-05,0.0,0.0002487325943714075
88,0.9996155950814261,0.00013114991339583306,0.00023516536195114892,0.0,1.8089643227011455e-05,0.0,0.00038440491857399343
89,0.9995341916869045,0.00019446366469037313,0.0002125533079173846,3.165687564727005e-05,4.522410806752864e-06,2.261205403376432e-05,0.00044319625906178063
90,0.9994211314167356,4.522410806752864e-06,0.00014019473500933877,7.688098371479869e-05,0.0003391808105064648,1.8089643227011455e-05,0.0005607789400373551
91,0.9996789088327206,0.00013114991339583306,0.00016732919984985595,1.8089643227011455e-05,4.522410806752864e-06,0.0,0.00032109116727945333
92,0.9996969984759475,4.522410806752864e-06,7.688098371479869e-05,9.044821613505728e-06,0.00020803089711063174,4.522410806752864e-06,0.000298479113245689
93,0.999231190162852,0.0002758670592119247,0.0004386738482550278,4.522410806752864e-06,4.522410806752864e-05,4.522410806752864e-06,0.000764287426341234
94,0.9985211716661918,0.0012255733286300262,0.00023516536195114892,1.3567232420258592e-05,4.522410806752864e-06,0.0,0.0014788283338081866
95,0.9996789088327206,4.97465188742815e-05,4.522410806752864e-06,0.0002487325943714075,1.8089643227011455e-05,0.0,0.00032109116727945333
96,0.9996608191894936,4.522410806752864e-06,6.33137512945401e-05,0.0,0.00025777741598491323,1.3567232420258592e-05,0.00032561357808620617
97,0.9993713848978614,0.0002487325943714075,0.00034822563211997054,4.522410806752864e-06,1.8089643227011455e-05,9.044821613505728e-06,0.0006195702805251423
98,0.9997557898164353,4.522410806752864e-06,9.497062694181015e-05,1.8089643227011455e-05,0.0001266275025890802,0.0,0.00024421018356465466
99,0.9995025348112572,0.0001899412538836203,0.00028038947001867754,9.044821613505728e-06,4.522410806752864e-06,1.3567232420258592e-05,0.0004838979563225564
100,0.9995206244544842,0.0002487325943714075,0.000198986075497126,4.522410806752864e-06,2.7134464840517184e-05,0.0,0.0004793755455158036
101,0.9993623400762478,0.00034370322131321764,0.0002713446484051718,4.522410806752864e-06,1.3567232420258592e-05,4.522410806752864e-06,0.0006331375129454009
102,0.9994980124004504,0.00020803089711063174,0.0002396877727579018,3.165687564727005e-05,4.522410806752864e-06,1.8089643227011455e-05,0.0004838979563225564
103,0.9995839382057787,4.522410806752864e-06,0.00018089643227011456,4.070169726077577e-05,0.0001899412538836203,0.0,0.0004160617942212635
104,0.9996246399030395,0.00018089643227011456,0.00016732919984985595,4.522410806752864e-06,2.261205403376432e-05,0.0,0.00037536009696048764
105,0.9996743864219138,9.044821613505728e-05,9.044821613505728e-06,0.00021707571872413747,9.044821613505728e-06,0.0,0.0003256135780862062
106,0.9996427295462665,0.00022612054033764318,8.592580532830441e-05,4.522410806752864e-06,4.070169726077577e-05,0.0,0.0003572704537334762
107,0.9996969984759475,9.044821613505728e-06,9.9493037748563e-05,2.7134464840517184e-05,0.00016280678904310309,4.522410806752864e-06,0.000298479113245689
108,0.9996201174922328,0.00021707571872413747,0.0001492395566228445,4.522410806752864e-06,9.044821613505728e-06,0.0,0.00037988250776724053
109,0.99965177436788,5.879134048778723e-05,4.522410806752864e-06,0.00026682223759841897,4.522410806752864e-06,1.3567232420258592e-05,0.0003346583996997119
110,0.9997693570488556,4.522410806752864e-06,8.140339452155154e-05,9.044821613505728e-06,0.0001356723242025859,0.0,0.00023064295114439602
111,0.9989553231036401,0.0002622998267916661,0.0007507201939209754,4.522410806752864e-06,1.8089643227011455e-05,9.044821613505728e-06,0.0010356320747464058
112,0.9994392210599626,0.0002487325943714075,0.0002758670592119247,2.261205403376432e-05,4.522410806752864e-06,9.044821613505728e-06,0.0005517341184238493
113,0.9996246399030395,0.00018089643227011456,0.00015828437823635024,3.165687564727005e-05,4.522410806752864e-06,0.0,0.0003753600969604877
114,0.9997557898164353,0.00011758268097557446,4.522410806752864e-06,0.00010853785936206874,1.3567232420258592e-05,0.0,0.00024421018356465466
115,0.9994754003464167,0.00023064295114439605,0.0002713446484051718,4.522410806752864e-06,1.8089643227011455e-05,0.0,0.0005245996535833321
116,0.9993668624870546,0.00040701697260775774,0.00020350848630387887,1.8089643227011455e-05,4.522410806752864e-06,0.0,0.0006331375129454009
117,0.9995477589193247,0.00013114991339583306,0.00030300152405244186,4.522410806752864e-06,1.3567232420258592e-05,0.0,0.0004522410806752863
118,0.9987472922065295,0.0009225718045775842,0.00030300152405244186,2.261205403376432e-05,4.522410806752864e-06,0.0,0.0012527077934705434
119,0.9997105657083678,3.165687564727005e-05,4.522410806752864e-06,0.00024421018356465466,4.522410806752864e-06,4.522410806752864e-06,0.0002849118808254304
120,0.9997512674056286,9.044821613505728e-06,8.140339452155154e-05,0.0,0.00015376196742959738,4.522410806752864e-06,0.00024421018356465466
121,0.9997377001732083,0.00011306027016882159,4.522410806752864e-06,0.00012210509178232733,1.8089643227011455e-05,4.522410806752864e-06,0.00025777741598491323
122,0.9994934899896437,0.0002622998267916661,0.00022159812953089032,1.8089643227011455e-05,4.522410806752864e-06,0.0,0.0005065100103563208
123,0.9994437434707694,0.00023516536195114892,4.522410806752864e-06,0.00030300152405244186,1.3567232420258592e-05,0.0,0.0005562565292306022
124,0.9994844451680301,0.0002125533079173846,0.00022612054033764318,4.522410806752864e-06,4.522410806752864e-05,2.7134464840517184e-05,0.0004884203671293093
125,0.9993035487357601,0.00030752393485919475,0.0003346583996997119,4.522410806752864e-06,4.97465188742815e-05,0.0,0.000696451264239941
126,0.9997196105299814,4.522410806752864e-06,9.044821613505728e-05,1.8089643227011455e-05,0.0001492395566228445,1.8089643227011455e-05,0.0002622998267916661
127,0.9997919691028894,4.522410806752864e-06,9.044821613505728e-05,4.522410806752864e-06,0.00010853785936206874,0.0,0.00020803089711063177
128,0.9998236259785367,4.070169726077577e-05,0.0,0.00010401544855531587,3.165687564727005e-05,0.0,0.0001763740214633617
129,0.9994301762383492,0.0002396877727579018,0.0003120463456659476,0.0,1.8089643227011455e-05,0.0,0.0005698237616508609
130,0.9995522813301315,0.00022612054033764318,0.0001356723242025859,6.783616210129295e-05,1.3567232420258592e-05,4.522410806752864e-06,0.00044319625906178063
131,0.9997105657083678,0.0,7.688098371479869e-05,0.0,0.00018089643227011456,3.165687564727005e-05,0.00025777741598491323
132,0.9996291623138462,0.0,3.617928645402291e-05,4.522410806752864e-06,0.00033013598889295907,0.0,0.00037083768615373485
133,0.9996789088327206,0.0,3.617928645402291e-05,4.070169726077577e-05,0.00023516536195114892,9.044821613505728e-06,0.0003120463456659476
134,0.9990729057846157,0.0002758670592119247,0.00044319625906178063,0.0,0.00020803089711063174,0.0,0.0009270942153843372
135,0.0013114991339583306,0.00045676349148203926,0.00022159812953089032,4.522410806752864e-06,0.9979965720126085,9.044821613505728e-06,0.9986794560444282
136,0.9992538022168858,0.0001899412538836203,0.00011758268097557446,0.0,0.0004386738482550278,0.0,0.0007461977831142225
137,0.8990145666852085,0.00011758268097557446,0.10082262652574835,0.0,4.522410806752864e-05,0.0,0.10098543331479144
138,0.9991633540007507,0.00015828437823635024,2.261205403376432e-05,0.0005833909940711194,5.879134048778723e-05,1.3567232420258592e-05,0.0008230787668290213
139,0.999669864011107,0.00015828437823635024,0.00012210509178232733,4.070169726077577e-05,4.522410806752864e-06,4.522410806752864e-06,0.00032561357808620617
140,0.999669864011107,0.0,8.592580532830441e-05,4.522410806752864e-06,0.00023516536195114892,4.522410806752864e-06,0.00032561357808620617
141,0.9993442504330209,0.0,0.00022159812953089032,4.522410806752864e-05,0.00028491188082543044,0.00010401544855531587,0.0005517341184238494
142,0.999543236508518,0.0001356723242025859,0.0003120463456659476,9.044821613505728e-06,0.0,0.0,0.00045676349148203926
143,0.9996155950814261,0.00020803089711063174,0.00017185161065660882,4.522410806752864e-06,0.0,0.0,0.00038440491857399343
144,0.9997286553515948,9.044821613505728e-05,4.522410806752864e-06,0.00014019473500933877,3.165687564727005e-05,4.522410806752864e-06,0.00026682223759841897
145,0.9997060432975611,0.00016280678904310309,0.00010853785936206874,0.0,2.261205403376432e-05,0.0,0.0002939567024389361
146,0.9993035487357601,0.0001899412538836203,0.00045676349148203926,0.0,3.617928645402291e-05,1.3567232420258592e-05,0.0006828840318196824
147,0.9993487728438276,0.0003753600969604877,0.0002487325943714075,2.261205403376432e-05,0.0,4.522410806752864e-06,0.0006467047453656595
148,0.9997964915136961,0.0,6.783616210129295e-05,4.522410806752864e-06,0.00013114991339583306,0.0,0.00020350848630387887
149,0.9997377001732083,4.522410806752864e-06,9.497062694181015e-05,9.044821613505728e-06,0.00015376196742959738,0.0,0.0002622998267916661
150,0.9996472519570733,0.00015376196742959738,0.00016732919984985595,9.044821613505728e-06,2.261205403376432e-05,0.0,0.0003527480429267234
151,0.9997150881191745,0.0,0.00016280678904310309,3.165687564727005e-05,9.044821613505728e-05,0.0,0.0002849118808254304
152,0.9998281483893434,8.592580532830441e-05,0.0,8.592580532830441e-05,0.0,0.0,0.00017185161065660882
153,0.9992402349844656,0.00018089643227011456,0.0005607789400373551,0.0,1.3567232420258592e-05,4.522410806752864e-06,0.0007552426047277282
154,0.9994980124004504,0.000198986075497126,0.000298479113245689,4.522410806752864e-06,0.0,0.0,0.0005019875995495678
155,0.999687953654334,0.0001266275025890802,0.0001492395566228445,3.617928645402291e-05,0.0,0.0,0.0003120463456659476
156,0.9997196105299814,0.00011758268097557446,0.0,0.0001492395566228445,1.3567232420258592e-05,0.0,0.00028038947001867754
157,0.99965177436788,0.0002487325943714075,8.592580532830441e-05,0.0,1.3567232420258592e-05,0.0,0.0003482256321199705
158,0.9996834312435273,3.165687564727005e-05,0.0,0.0002758670592119247,0.0,9.044821613505728e-06,0.00030752393485919475
159,0.9995296692760977,0.00018541884307686743,0.00020350848630387887,3.165687564727005e-05,0.0,4.97465188742815e-05,0.0004205842050280163
160,0.9984714251473176,0.0,0.001257230204277296,6.783616210129295e-05,0.00020350848630387887,0.0,0.001528574852682468
161,0.9995251468652909,0.00026682223759841897,4.522410806752864e-06,0.00018541884307686743,1.8089643227011455e-05,0.0,0.0004748531347090507
162,0.999597505438199,0.00015828437823635024,0.00015376196742959738,0.0,8.140339452155154e-05,9.044821613505728e-06,0.0003934497401874992
163,0.9997512674056286,0.0,6.33137512945401e-05,0.0,0.00018541884307686743,0.0,0.00024873259437140755
164,0.9997874466920826,0.0,0.00010853785936206874,0.0,9.9493037748563e-05,4.522410806752864e-06,0.00020803089711063174
165,0.9997377001732083,0.00015828437823635024,9.497062694181015e-05,0.0,9.044821613505728e-06,0.0,0.0002622998267916661
166,0.9996110726706192,0.00011758268097557446,0.0,0.0002396877727579018,3.165687564727005e-05,0.0,0.0003889273293807463
167,0.9996065502598125,0.00023516536195114892,0.00013114991339583306,0.0,2.7134464840517184e-05,0.0,0.00039344974018749916
168,0.9995884606165855,0.0001266275025890802,0.0,0.00026682223759841897,1.8089643227011455e-05,0.0,0.00041153938341451064
169,0.9996472503617945,0.00022159913169319826,0.0001085383502170767,0.0,2.261215629522431e-05,0.0,0.00035274963820549927
170,0.9996427279305354,0.0001085383502170767,0.0,0.00022612156295224312,2.261215629522431e-05,0.0,0.00035727206946454415
171,0.9995929811866859,0.00017185238784370478,0.00019446454413892908,3.61794500723589e-05,4.522431259044862e-06,0.0,0.00040701881331403763
172,0.9995070549927642,0.0002396888567293777,0.0,0.0002396888567293777,1.3567293777134588e-05,0.0,0.00049294500723589
173,0.9995477568740955,0.00022612156295224312,0.00017637481910274963,0.0,4.974674384949349e-05,0.0,0.00045224312590448623
174,0.9993171128798842,0.0002758683068017366,0.00039345151953690304,0.0,1.3567293777134588e-05,0.0,0.0006828871201157743
175,0.9986432706222865,0.0011351302460202604,0.00019446454413892908,1.808972503617945e-05,0.0,9.044862518089725e-06,0.001347684515195369
176,0.9997512662807525,0.0001221056439942113,0.0,0.00011306078147612156,1.3567293777134588e-05,0.0,0.0002487337192474674
177,0.9994075615050652,0.00034822720694645444,0.0002170767004341534,1.808972503617945e-05,4.522431259044862e-06,4.522431259044862e-06,0.000587916063675832
178,0.9997105643994211,9.044862518089724e-05,4.522431259044862e-06,0.00018541968162083937,0.0,9.044862518089725e-06,0.0002803907380607815
179,0.9997512662807525,0.0,8.140376266280752e-05,9.044862518089725e-06,0.00015376266280752533,4.522431259044862e-06,0.0002442112879884226
180,0.9990593342981187,0.0003030028943560058,0.0006150506512301013,0.0,2.261215629522431e-05,0.0,0.0009406657018813315
181,0.997779486251809,0.0018677641099855281,0.00030752532561505066,4.522431259044862e-05,0.0,0.0,0.0022205137481910273
182,0.9995839363241679,0.00018541968162083937,0.0002170767004341534,0.0,1.3567293777134588e-05,0.0,0.0004160636758321274
183,0.999606548480463,4.522431259044862e-06,0.0001582850940665702,2.261215629522431e-05,0.00020803183791606367,0.0,0.00039345151953690304
184,0.9994482633863965,0.0001808972503617945,0.00034822720694645444,0.0,2.261215629522431e-05,0.0,0.0005517366136034733
185,0.9995613241678727,0.0,0.00012662807525325615,1.3567293777134588e-05,0.00029395803183791607,4.522431259044862e-06,0.0004341534008683068
186,0.9995613241678727,0.0001085383502170767,0.0002984804630969609,3.165701881331404e-05,0.0,0.0,0.00043867583212735164
187,0.9994166063675832,4.522431259044862e-06,0.0001085383502170767,9.044862518089725e-06,0.000461287988422576,0.0,0.0005833936324167873
188,0.9996336830680174,0.00022159913169319826,0.00011306078147612156,0.0,3.165701881331404e-05,0.0,0.00036631693198263386
189,0.9997467438494935,6.783646888567294e-05,0.0,0.0001582850940665702,9.044862518089725e-06,1.808972503617945e-05,0.00023516642547033285
190,0.9998281476121563,0.0,1.3567293777134588e-05,4.522431259044862e-06,0.00015376266280752533,0.0,0.00017185238784370478
191,0.999706041968162,0.0,4.974674384949349e-05,9.044862518089725e-06,0.00017185238784370478,6.331403762662807e-05,0.000230643994211288
192,0.9995341895803184,0.00020803183791606367,0.00022159913169319826,0.0,3.61794500723589e-05,0.0,0.0004658104196816208
193,0.999606548480463,0.0002170767004341534,0.0001447178002894356,3.165701881331404e-05,0.0,0.0,0.00039345151953690304
194,0.9998281476121563,0.0,8.592619392185239e-05,1.3567293777134588e-05,7.23589001447178e-05,0.0,0.00017185238784370478
195,0.9998281476121563,0.0,4.974674384949349e-05,0.0,0.0001221056439942113,0.0,0.00017185238784370478
196,0.9997784008683068,7.688133140376267e-05,0.0,0.00014019536903039074,4.522431259044862e-06,0.0,0.00022159913169319826
197,0.9997512662807525,4.522431259044862e-06,8.140376266280752e-05,1.3567293777134588e-05,0.00014924023154848045,0.0,0.0002487337192474674
198,0.9971056439942113,0.00018541968162083937,0.002672756874095514,4.522431259044862e-06,2.261215629522431e-05,9.044862518089725e-06,0.002885311143270622
199,0.9994392185238784,0.0002894356005788712,0.00023516642547033285,3.165701881331404e-05,0.0,4.522431259044862e-06,0.000556259044862518
200,0.9988648697539797,0.0009090086830680174,0.00019898697539797396,2.261215629522431e-05,0.0,4.522431259044862e-06,0.0011306078147612158
201,0.9996562952243125,0.00016280752532561504,0.0001582850940665702,0.0,2.261215629522431e-05,0.0,0.00034370477568740956
202,0.9996653400868307,7.23589001447178e-05,0.0,0.0002577785817655572,4.522431259044862e-06,0.0,0.00033465991316931985
203,0.9997829232995659,7.688133140376267e-05,0.0,0.00013567293777134589,0.0,4.522431259044862e-06,0.00021255426917510855
204,0.9997512662807525,0.0001221056439942113,7.688133140376267e-05,0.0,4.974674384949349e-05,0.0,0.00024873371924746747
205,0.9996155933429812,0.0001447178002894356,0.00020803183791606367,0.0,2.7134587554269176e-05,4.522431259044862e-06,0.00037988422575976845
206,0.9996879522431259,9.497105643994211e-05,0.0,0.00018994211287988422,2.7134587554269176e-05,0.0,0.0003120477568740955
207,0.9992311866859623,0.00012662807525325615,0.0,0.000592438494934877,1.808972503617945e-05,3.165701881331404e-05,0.0007371562952243125
208,0.9997196092619393,9.497105643994211e-05,0.00013567293777134589,4.070188133140376e-05,0.0,9.044862518089725e-06,0.00027134587554269177
209,0.9996789073806078,0.0,0.00014924023154848045,4.522431259044862e-06,0.00016732995658465992,0.0,0.00032109261939218525
210,0.9996924746743849,8.140376266280752e-05,0.00019898697539797396,1.3567293777134588e-05,0.0,1.3567293777134588e-05,0.00029395803183791607
211,0.9997648335745297,0.0,8.140376266280752e-05,4.522431259044862e-06,0.00013567293777134589,1.3567293777134588e-05,0.0002215991316931983
212,0.9996698625180898,0.00019898697539797396,9.949348769898698e-05,0.0,3.165701881331404e-05,0.0,0.000330137481910275
213,0.9994166063675832,0.00018541968162083937,0.0,0.00038440665701881333,1.3567293777134588e-05,0.0,0.0005833936324167873
214,0.9995884587554269,0.00022159913169319826,0.00013567293777134589,0.0,5.426917510853835e-05,0.0,0.0004115412445730825
215,0.9991678726483357,0.0002577785817655572,0.0005472141823444284,0.0,1.808972503617945e-05,9.044862518089725e-06,0.000823082489146165
216,0.9989100940665702,0.0007416787264833575,0.0003165701881331404,1.3567293777134588e-05,0.0,1.808972503617945e-05,0.0010718162083936324
217,0.9997196092619393,0.00014019536903039074,0.0,0.00012662807525325615,1.3567293777134588e-05,0.0,0.0002803907380607815
218,0.9997603111432706,0.0,5.426917510853835e-05,4.522431259044862e-06,0.0001808972503617945,0.0,0.0002396888567293777
219,0.9998191027496383,7.688133140376267e-05,9.044862518089725e-06,9.497105643994211e-05,0.0,0.0,0.00018089725036179451
220,0.9995794138929088,0.0002442112879884226,0.00014019536903039074,0.0,3.61794500723589e-05,0.0,0.0004205861070911722
221,0.9989734081041968,0.0008049927641099855,0.00018994211287988422,3.165701881331404e-05,0.0,0.0,0.0010265918958031837
222,0.9997784008683068,4.522431259044862e-05,0.0,0.00017637481910274963,0.0,0.0,0.00022159913169319826
223,0.9997784008683068,0.0,1.808972503617945e-05,4.522431259044862e-06,0.00019898697539797396,0.0,0.00022159913169319826
224,0.9997693560057888,0.0,8.592619392185239e-05,9.044862518089725e-06,0.00013567293777134589,0.0,0.000230643994211288
225,0.9997105643994211,0.0,2.7134587554269176e-05,2.261215629522431e-05,0.00015376266280752533,8.592619392185239e-05,0.00020350940665701882
226,0.9997784008683068,8.592619392185239e-05,0.00011306078147612156,1.808972503617945e-05,4.522431259044862e-06,0.0,0.00022159913169319823
227,0.9998462373371925,5.426917510853835e-05,0.0,8.592619392185239e-05,1.3567293777134588e-05,0.0,0.00015376266280752533
228,0.9995748914616498,0.000131150506512301,0.0002442112879884226,4.522431259044862e-05,4.522431259044862e-06,0.0,0.0004251085383502171
229,0.9996336830680174,0.0,0.000131150506512301,4.522431259044862e-06,0.000230643994211288,0.0,0.00036631693198263386
230,0.9995658465991317,0.00016280752532561504,0.0002577785817655572,0.0,1.3567293777134588e-05,0.0,0.0004341534008683068
231,0.9992583212735167,0.0002396888567293777,0.0004658104196816208,0.0,2.7134587554269176e-05,9.044862518089725e-06,0.0007326338639652677
232,0.9993759044862518,0.00040249638205499275,0.00019446454413892908,2.261215629522431e-05,0.0,4.522431259044862e-06,0.0006195730824891462
233,0.9997919681620839,0.0,9.497105643994211e-05,9.044862518089725e-06,9.949348769898698e-05,4.522431259044862e-06,0.00020350940665701882
234,0.9992221418234443,0.00016280752532561504,0.0005879160636758321,0.0,1.3567293777134588e-05,1.3567293777134588e-05,0.0007642908827785818
235,0.9995070549927642,0.00023516642547033285,0.0002532561505065123,4.522431259044862e-06,0.0,0.0,0.00049294500723589
236,0.9997693560057888,6.331403762662807e-05,0.00015376266280752533,1.3567293777134588e-05,0.0,0.0,0.000230643994211288
237,0.999796490593343,6.783646888567294e-05,0.0,0.00012662807525325615,4.522431259044862e-06,4.522431259044862e-06,0.00019898697539797396
238,0.9995929811866859,0.00022159913169319826,0.00016732995658465992,9.044862518089725e-06,0.0,9.044862518089725e-06,0.0003979739507959479
239,0.9997331765557164,7.23589001447178e-05,0.0,0.00018994211287988422,4.522431259044862e-06,0.0,0.0002668234442836469
240,0.9996608176555717,6.783646888567294e-05,0.0,0.0002396888567293777,4.522431259044862e-06,2.7134587554269176e-05,0.00031204775687409555
241,0.9994663531114327,0.0003030028943560058,0.00018541968162083937,2.261215629522431e-05,0.0,2.261215629522431e-05,0.0005110347322720695
242,0.9996155933429812,0.00018994211287988422,0.0,0.0001447178002894356,9.044862518089725e-06,4.070188133140376e-05,0.00034370477568740956
243,0.9997738784370478,4.522431259044862e-06,1.808972503617945e-05,1.3567293777134588e-05,0.00018994211287988422,0.0,0.00022612156295224312
244,0.9996517727930535,4.522431259044862e-06,0.000131150506512301,9.044862518089725e-06,0.00017185238784370478,3.165701881331404e-05,0.0003165701881331404
245,0.9996336830680174,0.00020350940665701882,0.00014019536903039074,0.0,2.261215629522431e-05,0.0,0.00036631693198263386
246,0.9996336830680174,8.592619392185239e-05,0.0,0.000262301013024602,1.808972503617945e-05,0.0,0.00036631693198263386
247,0.9995206222865413,0.0002758683068017366,0.00017185238784370478,2.7134587554269176e-05,0.0,4.522431259044862e-06,0.0004748552821997106
248,0.9997376989869754,0.0,9.497105643994211e-05,9.044862518089725e-06,0.0001582850940665702,0.0,0.000262301013024602
249,0.9992357091172214,0.0001808972503617945,0.0005426917510853835,0.0,4.070188133140376e-05,0.0,0.0007642908827785818
250,0.9995568017366137,0.0002894356005788712,0.00012662807525325615,2.7134587554269176e-05,0.0,0.0,0.0004431982633863965
251,0.9997512662807525,0.0,6.783646888567294e-05,4.522431259044862e-06,0.00017637481910274963,0.0,0.00024873371924746747
252,0.9998145803183791,0.0,2.261215629522431e-05,9.044862518089725e-06,0.00015376266280752533,0.0,0.00018541968162083937
253,0.9996879522431259,0.0,9.044862518089724e-05,1.3567293777134588e-05,0.00015376266280752533,5.426917510853835e-05,0.0002577785817655572
254,0.999701519536903,0.00016732995658465992,0.0,0.00011758321273516643,1.3567293777134588e-05,0.0,0.00029848046309696095
255,0.9994573082489147,0.00010401591895803183,0.0,0.00017637481910274963,5.426917510853835e-05,0.00020803183791606367,0.00033465991316931985
256,0.9994211287988423,0.00021255426917510855,0.00020350940665701882,0.0,7.23589001447178e-05,9.044862518089724e-05,0.0004884225759768452
257,0.9992854558610709,0.0,0.00014924023154848045,9.044862518089724e-05,0.0002532561505065123,0.00022159913169319826,0.00049294500723589
258,0.9992130969609262,0.0002442112879884226,0.000262301013024602,0.0,5.426917510853835e-05,0.00022612156295224312,0.000560781476121563
259,0.999090991316932,8.592619392185239e-05,0.0,0.00019898697539797396,4.974674384949349e-05,0.0005743487698986976,0.00033465991316931985
260,0.9990683791606367,0.0,0.0001221056439942113,1.808972503617945e-05,0.00018994211287988422,0.0006014833574529667,0.00033013748191027496
261,0.9991407380607815,0.0003165701881331404,0.0002532561505065123,0.0,7.23589001447178e-05,0.0002170767004341534,0.0006421852387843704
262,0.9983220338216471,0.00040705378989692493,0.00023066381427492414,0.0,0.00011307049719359025,0.0009271780769874402,0.0007507881013654393
263,0.9986657439947173,9.498093596928045e-05,0.0,0.0004522901712822879,0.00015830155994880075,0.0006286833380823801,0.0007055726672003691
264,0.9981229448507628,0.0006829766928549783,0.0003347038097434993,0.0002532893695356211,4.523024455993233e-06,0.0006015622526471001,0.001275492896590092
265,0.9984485184029238,0.000253303117889985,4.5232699623211615e-06,0.0004658968061190796,0.00021259368822909458,0.0006151647148756779,0.0009363168822004803
266,0.9982626163911285,0.0004976880129579861,0.000533883504809476,9.048872962872474e-06,0.0004841147035136774,0.00021264851462750314,0.0015247350942440118
267,0.9975245396413072,0.00044802664627164896,0.0,0.0012490439835452032,0.0007783897288759962,0.0,0.0024754603586928485
268,0.9963607888578581,0.0014303367175582885,0.0008464334372892404,0.0013533882232592666,9.05276403517904e-06,0.0,0.0036392111421419747
269,0.9961409547966301,0.0016939940211975722,0.0012048192771084338,0.0,0.0009602319050638644,0.0,0.00385904520336987
