,Unnamed: 0,.,A,T,C,G,-,Mutation_Frequency
0,0,0.9948035806138446,0.0024402104549851394,0.0018503466327729047,1.2288829629421565e-05,0.0008935734687679394,0.0,0.0051964193861554035
1,1,0.9975110731132696,1.3166603174380247e-05,0.00045556446983355665,0.0015861367957403405,0.0004340590179820688,0.0,0.002488926886730346
2,2,0.9988869831449924,2.457765925884313e-05,0.00029712634496851425,0.0004827754497272758,0.00030853740105297713,0.0,0.0011130168550076102
3,3,0.997989459695272,0.0011016057989231473,0.0007346964571304178,1.7555470899173663e-06,0.00010006618412528989,7.241631745909137e-05,0.0019381239872687727
4,4,0.9987869169608672,0.0004222090751251266,0.0006434080084547147,1.7555470899173663e-06,6.188303491958716e-05,8.382737354355425e-05,0.001129255665589346
5,5,0.9986403287788591,0.00037568707724231637,0.0008246682454886827,2.6333206348760497e-06,9.611620317297581e-05,6.056637460214915e-05,0.0012991048465388509
6,6,0.9986517398349436,0.0007535685883470294,0.0002448988190434726,0.00016326587936231506,4.388867724793416e-07,0.00018608799153124086,0.0011621721735252967
7,7,0.998714500643408,0.00014571040846314144,0.0007583963428443023,1.5799923809256298e-05,4.476645079289285e-05,0.00032082623068239866,0.0009646731259095927
8,8,0.9994070639703804,5.3544186242479685e-05,1.3166603174380247e-05,0.00017555470899173665,2.896652698363655e-05,0.00032170400422735736,0.0002712320253922331
9,9,0.9990261102518684,0.0002606987428527289,0.0002975652317409936,8.207182645363688e-05,7.0660770369174e-05,0.0002628931767151256,0.0007109965714165334
10,10,0.9995229300783148,6.890522327925663e-05,9.216622222066173e-06,0.00014088265396586862,1.8433244444132346e-05,0.0002396321777737205,0.00023743774391132383
11,11,0.9984766240127242,0.0001382493333309926,0.0010362116698237256,2.7649866666198523e-05,3.1599847618512596e-05,0.0002896652698363655,0.0012337107174394293
12,12,0.9994096972910153,7.109965714165334e-05,1.4483263491818274e-05,0.00034057613544396907,5.617750687735572e-05,0.00010796614602991805,0.00048233656295479637
13,13,0.9991981538666802,0.0002387544042287618,0.00037788151110471313,2.9405413756115887e-05,0.00013386046560619918,2.194433862396708e-05,0.00077990179469579
14,14,0.9987535615661588,7.461075132148809e-05,0.0007698073989287652,3.993869629562008e-05,0.00031160960846033254,5.047197883512428e-05,0.001195966455006206
15,15,0.9994338360635016,0.0001957435005257864,0.000283959741794134,3.37942814809093e-05,4.6521997882810214e-05,6.144414814710782e-06,0.0005600195216836399
16,16,0.999764756689951,4.388867724793416e-07,7.241631745909137e-05,2.721097989371918e-05,0.0001342993523786785,8.777735449586832e-07,0.00023436553650396842
17,17,0.9997287679746076,7.241631745909137e-05,4.388867724793416e-07,8.558292063347159e-05,4.696088465528955e-05,6.583301587190125e-05,0.00020539900952033183
18,18,0.9998683339682564,1.5799923809256298e-05,1.3166603174380248e-06,0.00010621059894000066,7.899961904628149e-06,4.388867724793416e-07,0.00013122714497132318
19,19,0.9995892019809594,8.777735449586832e-07,8.64606941784303e-05,2.2383225396446427e-05,0.0002892263830638861,1.1849942856942226e-05,0.0003989480761837216
20,20,0.9973205962540136,0.0003612038137504981,0.0022769445756228236,0.0,3.993869629562008e-05,1.3166603174380248e-06,0.002678087085668942
21,21,0.9966877215280984,0.0027281201777315874,0.000387975906871738,0.00019442684020834836,0.0,1.7555470899173663e-06,0.0033105229248116736
22,22,0.9992683757502768,0.00031336515555024984,0.00037656485078727507,8.777735449586832e-07,3.7744262433223376e-05,3.072207407355391e-06,0.0007285520423157071
23,23,0.9968075376169852,0.0,0.002947124677198779,3.862203597818206e-05,0.00020408234920289386,2.6333206348760497e-06,0.003189829062379855
24,24,0.9984318575619312,0.00039455920845892807,0.0009888118983959566,4.388867724793416e-07,0.00017994357671653006,4.3888677247934164e-06,0.0015637535703438945
25,25,0.9995145912296378,4.3888677247934164e-06,3.116096084603325e-05,0.00016107144549991836,0.0002664042708949604,2.2383225396446427e-05,0.00046302554496570537
26,26,0.9987702392635128,4.388867724793416e-07,0.0006100526137462847,0.0002944930243336382,0.0003234595513172748,1.3166603174380248e-06,0.0012284440761696769
27,27,0.9992648646560972,0.0,0.00024884879999578666,0.00016370476613479442,0.00032126511745487807,1.3166603174380248e-06,0.0007338186835854593
28,28,0.9989335051428752,0.0002501654603132247,0.000761907437024137,8.777735449586832e-07,4.783865820024824e-05,5.70552804223144e-06,0.0010607893290825684
29,29,0.9981878365164328,0.0011340834200866186,0.0006438468952271941,2.9844300528595225e-05,0.0,4.3888677247934164e-06,0.0018077746158424077
30,30,0.997969270903738,0.0007983350391399224,1.3166603174380248e-06,0.001209133058180586,1.7994357671653008e-05,3.9499809523140745e-06,0.0020267791153096
31,31,0.9994364693841364,0.00012727716401900906,0.00041079801904066366,4.388867724793416e-07,2.0627678306529056e-05,4.3888677247934164e-06,0.0005591417481386812
32,32,0.9985363126137814,0.0011481277968059575,0.0002808875343867786,3.423316825338865e-05,0.0,4.388867724793416e-07,0.001463248499446125
33,33,0.998330035830716,0.0008413459428428978,8.777735449586832e-07,0.0008044794539546332,1.8872131216611688e-05,4.3888677247934164e-06,0.0016655753015591011
34,34,0.99856264582013,1.3166603174380248e-06,0.0005635306158634746,2.194433862396708e-05,0.0008501236782924847,4.388867724793416e-07,0.0014369152930973645
35,35,0.9977787940444821,0.0012701383195552144,2.1944338623967082e-06,0.0008962067894028157,5.266641269752099e-05,0.0,0.002221205955517948
36,36,0.9965029501968846,0.0017349194116108373,0.0016194921904487704,0.0,0.00014219931428330668,4.388867724793416e-07,0.0034966109163429146
37,37,0.997788010666704,0.0013688878433630665,1.3166603174380248e-06,0.0006824689312053761,0.00015404925714024891,5.2666412697520985e-06,0.0022067226920261295
38,38,0.9987324950010796,0.0005279807872926479,0.0005920582560746318,4.388867724793416e-07,0.0001342993523786785,1.2727716401900908e-05,0.0012547772825184376
39,39,0.9962242570963602,0.0010743948190294283,0.002257194670861254,4.388867724793416e-07,0.00043800899893438284,5.70552804223144e-06,0.003770037375597544
40,40,0.9937405968508995,0.005307457739592678,0.0008413459428428978,9.30439957656204e-05,4.388867724793416e-07,1.7116584126694324e-05,0.006242286564973675
41,41,0.997247741049782,0.00021505451851487742,0.002297572253929353,0.0,0.00023480442327644772,4.8277544972727575e-06,0.002747431195720678
42,42,0.9970050366646008,4.388867724793416e-07,0.0017120972994419115,0.00037612596401479583,0.0009058622983973613,4.388867724793416e-07,0.002994524448626548
43,43,0.9941092617397824,0.001631781020078192,0.0035997493078755603,0.0,0.0006574523851740537,1.7555470899173663e-06,0.005888982713127804
44,44,0.9985784457439394,0.0009822285968087666,2.6333206348760497e-06,0.0002506043470857041,0.0001838935576688441,2.1944338623967082e-06,0.0014193598221981909
45,45,0.995945563995836,0.0012736494137350492,0.0024902435470477843,0.0,0.00028439862856661336,6.144414814710782e-06,0.004048291589349447
46,46,0.9975330174518936,0.0013149047703481071,0.0009918841058033118,0.0001465881820081001,0.0,1.360548994685959e-05,0.0024533770581595194
47,47,0.9980162317883934,0.0011130168550076104,0.0005231530327953752,0.0003458427767137212,4.388867724793416e-07,1.3166603174380248e-06,0.001982451551289186
48,48,0.9955360826371126,0.0009058622983973613,0.003187195741744979,0.0,0.00031336515555024984,5.749416719479375e-05,0.00440642319569259
49,49,0.9967891043725412,0.0010340172359613287,0.0018911631026134828,0.0,0.0002808875343867786,4.8277544972727575e-06,0.0032060678729615897
50,50,0.9968882927831216,0.0005134975238008297,0.002377449646520593,4.388867724793416e-07,0.0002185656126947121,1.7555470899173663e-06,0.003109951669788615
51,51,0.9964248283513832,1.7555470899173663e-06,0.0015562924952117452,0.0003739315301523991,0.0016352921142580269,7.899961904628149e-06,0.003567271686712089
52,52,0.996112340969378,0.0011002891386057091,0.002624981786198942,0.00015361037036776956,1.3166603174380248e-06,7.461075132148806e-06,0.0038801979554898593
53,53,0.9972415966349674,0.0019662127407074504,0.0006315580655977726,0.00015799923809256298,4.388867724793416e-07,2.1944338623967082e-06,0.002756208931170265
54,54,0.9939683790858164,0.001231955170349512,0.0040237139300906034,8.777735449586832e-07,0.0007531297015745501,2.194433862396708e-05,0.006009676575559625
55,55,0.9952222785947898,0.002755331157625307,0.0017858302772184407,0.00022866000846173695,4.388867724793416e-07,7.461075132148806e-06,0.004770260330077964
56,56,0.9981566755555868,0.0006671078941685992,0.00037656485078727507,0.0007974572655949638,4.388867724793416e-07,1.7555470899173663e-06,0.0018415688973233168
57,57,0.997438217909038,0.0013372879957445538,4.388867724793416e-07,0.0010248006137392627,0.00019618238729826568,3.072207407355391e-06,0.0025587098835545613
58,58,0.9973333239704156,0.001210449718498024,0.0011687554751124867,1.3166603174380248e-06,0.000282643081476696,3.5110941798347326e-06,0.002663164935404645
59,59,0.9967329268656636,0.0014707095745782738,1.3166603174380248e-06,0.0015821868147880265,0.000210665650790084,2.1944338623967082e-06,0.003264878700473822
60,60,0.9974044236275572,0.0017406249396530688,0.0006960744211522358,0.00015448814391272824,4.388867724793416e-07,3.9499809523140745e-06,0.0025916263914905124
61,61,0.9975172175280844,4.388867724793416e-07,0.0008650458285567823,0.000423964622215044,0.0011902609269639744,3.072207407355391e-06,0.0024797102645082803
62,62,0.9972135078815286,0.0003998258497286802,0.0016423143026176965,3.9499809523140745e-06,0.0007175798730037235,2.282211216892576e-05,0.002763670006302414
63,63,0.9965885331175179,0.001685764093093151,0.0013469435047390994,0.0,0.00037788151110471313,8.777735449586832e-07,0.003410589108936964
64,64,0.9978397993058566,0.0009901285587133946,0.0010862447618863703,8.777735449586832e-07,7.856073227380215e-05,4.3888677247934164e-06,0.0021558118264185253
65,65,0.996833870823334,0.0020768122073722447,0.0008869901671807492,0.00018696576507619956,4.388867724793416e-07,1.4922150264297613e-05,0.0031512070264016717
66,66,0.9974649900021592,0.0012907659978617435,4.388867724793416e-07,0.0011279390052719078,0.00010577171216752133,1.0094395767024857e-05,0.0025249156020736518
67,67,0.9984595074285976,0.0012100108317255446,0.0001729213883568606,0.00014439374814570339,4.388867724793416e-07,1.2727716401900908e-05,0.0015277648550005884
68,68,0.9974316346074508,1.3166603174380248e-06,0.0015861367957403405,0.00023787663068380318,0.0007320631364955418,1.097216931198354e-05,0.0025573932232371235
69,69,0.9978178549672329,4.388867724793416e-07,0.001030067255009015,0.00023348776295900971,0.0009128844867570305,5.2666412697520985e-06,0.002176878391497534
70,70,0.9961623740614406,0.0008711902433714932,0.0025301822433434038,0.0,0.0004353756782995069,8.777735449586832e-07,0.003836748165014404
71,71,0.996418245049796,0.002678525972441422,0.0007316242497230625,0.00016941029417702586,0.0,2.1944338623967082e-06,0.00357956051634151
72,72,0.9973447350264999,0.001085805875113891,2.1944338623967082e-06,0.001465881820081001,0.00010050507089776922,8.777735449586832e-07,0.002654387199955058
73,73,0.9949405132868582,0.003623888080361924,0.0009453621079205018,0.0004801421290923997,0.0,1.0094395767024857e-05,0.005049392317374825
74,74,0.9951125569016701,0.00044283675343165566,0.003945153197816803,0.0,0.0004902365248594246,9.216622222066173e-06,0.004878226476107882
75,75,0.9966082830222796,1.7555470899173663e-06,0.0012337107174394293,0.0003554982857082667,0.0017963635597579453,4.3888677247934164e-06,0.003387328109995559
76,76,0.994976940888974,0.0015260093079106707,0.0034119057692544017,7.856073227380215e-05,4.388867724793416e-07,6.144414814710782e-06,0.005016914696211354
77,77,0.9964902224804828,0.0021975060698040632,0.0009936396528932292,0.00031819291004752266,0.0,4.388867724793416e-07,0.003509338632744816
78,78,0.996482322518578,0.0014334041989175295,0.00189335753647588,8.777735449586832e-07,0.00018784353862115818,2.1944338623967082e-06,0.0035154830475595264
79,79,0.9984494130328304,0.00017555470899173665,8.777735449586832e-07,0.0012815493756396774,8.426626031603359e-05,8.338848677107491e-06,0.0015422481184924064
80,80,0.9978634991915706,0.0007763907005159553,0.0,0.0012021108698209164,0.00015712146454760433,8.777735449586832e-07,0.0021356230348844765
81,81,0.9974614789079796,0.0006741300825282687,0.0016260754920359606,8.777735449586832e-07,0.00023304887618653042,4.3888677247934164e-06,0.0025341322242957184
82,82,0.9993715141418096,0.00040904247195074636,0.00014790484232553812,6.75885629618186e-05,8.777735449586832e-07,3.072207407355391e-06,0.0006254136507830617
83,83,0.9984393186370636,4.388867724793416e-07,0.0008834790730009146,5.968860105719045e-05,0.0006140025946985987,3.072207407355391e-06,0.0015576091555291832
84,84,0.9965016335365672,2.6333206348760497e-06,0.0017265805629337301,0.0006776411767081034,0.0010906336296111641,8.777735449586832e-07,0.003497488689887873
85,85,0.9958200423789068,0.002730314611593984,0.0011928942475988506,0.00025543210158297683,4.388867724793416e-07,8.777735449586832e-07,0.004179079847548291
86,86,0.9983317913778059,0.0007443519661249633,1.7555470899173663e-06,0.0007180187597762027,0.00020101014179553845,3.072207407355391e-06,0.0016651364147866222
87,87,0.9969813367788872,0.0014597374052662902,0.0,0.0014035598983889346,0.00015361037036776956,1.7555470899173663e-06,0.003016907674022994
88,88,0.9989010275217116,0.0008760179978687657,0.000195304613753307,4.388867724793416e-07,2.150545185148774e-05,5.70552804223144e-06,0.0010932669502460401
89,89,0.9995246856254048,0.0002703542518472744,0.00016107144549991836,3.2916507935950625e-05,1.3166603174380248e-06,9.655508994545517e-06,0.00046565886560058137
90,90,0.996748726789473,4.388867724793416e-07,0.0017393082793356308,0.00029580968465107624,0.001207816397863148,7.899961904628149e-06,0.0032433732486223344
91,91,0.9995426799830766,0.00023655997036636512,0.00019223240634595162,2.457765925884313e-05,1.7555470899173663e-06,2.1944338623967082e-06,0.00045512558306107714
92,92,0.9994443693460412,4.388867724793416e-07,7.812184550132281e-05,1.7555470899173662e-05,0.00045688113015099466,2.6333206348760497e-06,0.0005529973333239704
93,93,0.9968176320127524,0.00031248738200529124,0.0028088753438677864,0.0,5.8810827512231774e-05,2.1944338623967082e-06,0.003180173553385309
94,94,0.9946056426794564,0.004595144507858706,0.0004577589036959533,0.00033662615449165495,2.6333206348760497e-06,2.1944338623967082e-06,0.005392162886681191
95,95,0.9992556480338749,9.962729735281056e-05,0.0,0.0006175136888784338,2.413877248636379e-05,3.072207407355391e-06,0.000741279758717608
96,96,0.9982874638137856,0.0,0.0005547528804138878,7.109965714165334e-05,0.0010757114793468665,1.097216931198354e-05,0.0017015640169024075
97,97,0.9977151554624726,0.0005556306539588465,0.0005376362962871933,0.0,0.0011854331724667016,6.144414814710782e-06,0.0022787001227127413
98,98,0.9983357413587584,8.777735449586832e-07,0.0004077258116333084,2.545543280380181e-05,0.0012183496804026525,1.1849942856942226e-05,0.001652408698384721
99,99,0.99532497809955,0.00034979275766603525,0.003455794446502336,4.388867724793416e-07,0.0008382737354355425,3.072207407355391e-05,0.004644299826376393
100,100,0.9945134764572358,0.0014513985565891827,0.0026794037459863806,0.0,0.0013548434666437275,8.777735449586832e-07,0.005485645769219291
101,101,0.9953478002117191,0.0027268035174141487,0.0017388693925631511,0.0,0.0001847713312138028,1.7555470899173663e-06,0.004650444241191104
102,102,0.9964814447450332,0.0010757114793468665,0.0017880247110808375,0.0006495524232694254,1.3166603174380248e-06,3.9499809523140745e-06,0.003514605274014568
103,103,0.997015131060368,1.3166603174380248e-06,0.001930662912136624,2.808875343867786e-05,0.001024361726966783,4.388867724793416e-07,0.002984430052859523
104,104,0.9971805913735928,0.0010348950095062878,0.0010932669502460401,4.388867724793416e-07,0.0006903688931100044,4.388867724793416e-07,0.002818969739634811
105,105,0.9962106516064132,0.0014167265015633144,2.1944338623967082e-06,0.0019543627978505077,0.00041562577353793654,4.388867724793416e-07,0.003788909506814156
106,106,0.998237430721723,0.0007250409481358724,0.0009708175407243037,4.388867724793416e-07,6.319969523702519e-05,3.072207407355391e-06,0.0017594970708696804
107,107,0.9985775679703944,4.388867724793416e-07,0.0012486328677037267,9.655508994545517e-06,0.00016282699258983574,8.777735449586832e-07,0.0014215542560605872
108,108,0.9949304188910912,0.0017805636359486887,0.0026056707682098512,4.388867724793416e-07,0.0006820300444328967,8.777735449586832e-07,0.005068703335363915
109,109,0.9992986589375781,0.00025674876190041483,2.6333206348760497e-06,0.00040465360422595295,1.5799923809256298e-05,2.150545185148774e-05,0.0006798356105705002
110,110,0.9984375630899736,1.3166603174380248e-06,0.0010989724782882713,8.338848677107491e-06,0.0004516144888812425,2.1944338623967082e-06,0.0015602424761640592
111,111,0.9951406456551088,0.00022866000846173695,0.004589877866588954,0.0,3.2916507935950625e-05,7.899961904628149e-06,0.0048514543829866405
112,112,0.9979675153566482,0.0013544045798712485,0.0006565746116290951,1.2727716401900908e-05,4.388867724793416e-07,8.338848677107491e-06,0.002024145794674724
113,113,0.9990713155894336,0.00025499321481049753,0.0001329826920612405,0.0005402696169220695,0.0,4.388867724793416e-07,0.0009282455237938077
114,114,0.997958298734426,0.001058594895220172,1.3166603174380248e-06,0.0007447908528974427,0.00023655997036636512,4.388867724793416e-07,0.002041262378801418
115,115,0.997621233693162,0.0007044132698293433,0.001522498213730836,4.388867724793416e-07,0.00014307708782826536,8.338848677107491e-06,0.0023704274581609237
116,116,0.9976032393354904,0.001423748689922984,0.0009317566179736424,3.686648888826469e-05,4.388867724793416e-07,3.9499809523140745e-06,0.0023928106835573704
117,117,0.9966622660952946,0.0008694346962815758,0.002082517735414476,8.777735449586832e-07,0.0003849036994643826,0.0,0.0033377339047053925
118,118,0.993383781904874,0.004179079847548291,0.0013688878433630665,0.0010682504042147174,0.0,0.0,0.006616218095126075
119,119,0.9983528579428852,0.00047531437459512695,1.3166603174380248e-06,0.001103800232785544,6.407746878198387e-05,2.6333206348760497e-06,0.0016445087364800929
120,120,0.9967825210709541,8.777735449586832e-07,0.0017502804486476144,6.144414814710783e-05,0.0014022432380714964,2.6333206348760497e-06,0.003214845608411177
121,121,0.9989093663703889,0.0008865512804082699,4.388867724793416e-07,0.000124643843384133,7.768295872884346e-05,1.3166603174380248e-06,0.0010893169692937257
122,122,0.9991187153608616,0.0002585043089903322,0.00021988227301215013,0.0004015813968185976,0.0,1.3166603174380248e-06,0.0008799679788210799
123,123,0.9981136646518838,0.0001856491047587615,1.3166603174380248e-06,0.0016769863576435642,2.0627678306529056e-05,1.7555470899173663e-06,0.0018845798010262925
124,124,0.9974588455873448,0.0008988401100376916,0.0012872549036819089,1.7555470899173663e-06,0.00032038734390991936,3.2916507935950625e-05,0.002508237904719437
125,125,0.9989352606899652,0.0003800759449671098,0.0006306802920528139,4.388867724793416e-07,5.310529947000033e-05,4.388867724793416e-07,0.0010643004232624032
126,126,0.9946903478265451,3.5110941798347326e-06,0.002588115297310677,0.0005529973333239704,0.00215976180737084,5.2666412697520985e-06,0.005304385532185323
127,127,0.9981803754413008,8.777735449586832e-07,0.0002773764402069439,1.360548994685959e-05,0.0015273259682281087,4.388867724793416e-07,0.001819185671926871
128,128,0.997322790687876,0.0011911387005089332,1.3166603174380248e-06,0.0014233098031505046,5.968860105719045e-05,1.7555470899173663e-06,0.0026754537650340673
129,129,0.9943712771429524,0.0015835034751054645,0.003551032876130353,4.388867724793416e-07,0.0004924309587218213,1.3166603174380248e-06,0.005627406196730117
130,130,0.9984182520719844,0.0013443101841042232,0.0001382493333309926,8.382737354355425e-05,1.1849942856942226e-05,3.5110941798347326e-06,0.0015782368338357125
131,131,0.9993658086137672,2.6333206348760497e-06,0.000159315898410001,0.0002795708740693406,0.0001645825396797531,2.808875343867786e-05,0.0006061026327939707
132,132,0.9979863874878648,8.777735449586832e-07,0.00016984918094950518,2.282211216892576e-05,0.0018200634454718296,0.0,0.0020136125121352193
133,133,0.996857570709048,8.777735449586832e-07,0.0013249991661151324,4.696088465528955e-05,0.0017586192973247216,1.097216931198354e-05,0.0031314571216401023
134,134,0.9990664878349363,0.00024840991322330736,0.000479264355547441,0.0,0.00020539900952033183,4.388867724793416e-07,0.0009330732782910805
135,136,0.9961777350984774,0.0011121390814626516,0.0020136125121352193,0.0,0.0006965133079247152,0.0,0.003822264901522586
136,137,0.9979266988868076,0.0010704448380771145,0.0007329409100405005,8.777735449586832e-07,0.000267282044439919,1.7555470899173663e-06,0.0020715455661024927
137,138,0.9933965096212758,0.0025745098073638177,8.777735449586832e-07,0.003345194979837541,0.0006728134222108307,1.0094395767024857e-05,0.006593395982957149
138,139,0.9997208680127032,0.00013342157883371986,9.392176931057909e-05,3.993869629562008e-05,1.3166603174380248e-06,1.05332825395042e-05,0.00026859870475735696
139,140,0.99935922531218,8.777735449586832e-07,0.0003177540232750433,2.808875343867786e-05,0.0002914208169262829,2.6333206348760497e-06,0.0006381413671849628
140,141,0.9962821901503276,0.0,0.001951729477215632,0.0006240969904656238,0.0010528893671779404,8.909401481330634e-05,0.003628715834859196
141,142,0.998864599919596,0.0006416524613647973,0.00045424780951611854,3.7744262433223376e-05,8.777735449586832e-07,8.777735449586832e-07,0.0011345223068590976
142,143,0.9996559127703762,0.00019047685925603424,0.00013210491851628183,2.0188791534049717e-05,0.0,1.3166603174380248e-06,0.00034277056930636583
143,144,0.995984186031814,0.0020671566983776987,0.0,0.0017621303915045566,0.0001856491047587615,8.777735449586832e-07,0.004014936194641017
144,145,0.998383141130186,0.00031819291004752266,0.0010849281015689325,4.388867724793416e-07,0.00021242119788000133,8.777735449586832e-07,0.001615981096268936
145,146,0.9977239331979222,0.0014255042370129015,0.0007180187597762027,0.0,0.00011981608888686023,1.2727716401900908e-05,0.0022633390856759646
146,147,0.9949852797376509,0.0026074263152997684,0.0021281619597523275,0.00026991536507479507,4.388867724793416e-07,8.777735449586831e-06,0.005005942526899371
147,148,0.9996344073185248,8.777735449586832e-07,0.00011806054179694287,0.00013034937142636442,0.0001149883343895875,1.3166603174380248e-06,0.0003642760211578536
148,149,0.9979337210751672,4.388867724793416e-07,0.0013359713354271158,0.00025982096930777024,0.0004603922243308294,9.655508994545517e-06,0.002056623415838195
149,150,0.9964739836699008,0.00034759832380363854,0.0027088091597424965,4.388867724793416e-07,0.0004691699597804162,0.0,0.0035260163300990313
150,151,0.9984037688084928,8.777735449586832e-07,0.0001645825396797531,4.3449790475454824e-05,0.0013864433142622402,8.777735449586832e-07,0.0015953534179624067
151,152,0.9963352954497976,0.001955679458167946,8.777735449586832e-07,0.0014755373290755464,0.00023260998941405104,0.0,0.0036647045502025024
152,153,0.9945542929270764,0.0014154098412458766,0.0038841479364421726,4.388867724793416e-07,0.00013649378624107524,9.216622222066173e-06,0.005436490450701604
153,154,0.9992718868444568,0.00045424780951611854,0.0002510432338581834,2.282211216892576e-05,0.0,0.0,0.0007281131555432278
154,155,0.9993491309164132,0.00014702706878057944,0.0001584381248650423,0.0003370650412641344,0.0,8.338848677107491e-06,0.0006425302349097561
155,156,0.997282413104808,0.0011569055322555445,0.0,0.0010730781587119905,0.00048716431745206913,4.388867724793416e-07,0.0027171480084196035
156,157,0.9959837471450416,0.0018367411428260449,0.0019245184973219129,1.7555470899173663e-06,0.00025235989417562136,8.777735449586832e-07,0.0040153750814134965
157,158,0.99947070255239,0.00012157163597677761,4.388867724793416e-07,0.0002729875724821505,0.00013254380528876115,1.7555470899173663e-06,0.0005275419005201686
158,159,0.9962905289990046,0.00187975204652902,0.0012868160169094295,0.0005218363724779372,0.0,2.10665650790084e-05,0.003688404435916387
159,160,0.995636148821238,2.1944338623967082e-06,0.0028821694348718364,0.0002242711407369436,0.0012547772825184376,4.388867724793416e-07,0.0043634122919896145
160,161,0.9947131699387138,0.0031968512507395247,2.1944338623967082e-06,0.0019214462899145575,0.00016546031322471177,8.777735449586832e-07,0.00528595228774119
161,162,0.9961070743281082,0.0009743286349041383,0.0022756279153053863,4.388867724793416e-07,0.0006254136507830617,1.7116584126694324e-05,0.0038758090877650656
162,163,0.9960236858413372,1.3166603174380248e-06,0.0025806542221785285,0.0001729213883568606,0.0012214218878100075,0.0,0.0039763141586628345
163,164,0.9969168204233326,1.3166603174380248e-06,0.0012218607745824869,0.0003335539470842996,0.0015216204401858773,4.8277544972727575e-06,0.003078351822170102
164,165,0.9949786964360638,0.0014303319915101745,0.002674137104716628,8.777735449586832e-07,0.000914640033846948,1.3166603174380248e-06,0.005019986903618709
165,166,0.9967399490540234,0.0018714131978519125,4.388867724793416e-07,0.001101166912150668,0.00028703194920148936,0.0,0.003260050945976549
166,167,0.9954891197726916,0.002433189334520084,0.0016072040661999545,4.388869651010252e-07,0.00046960905265809697,4.388869651010252e-07,0.004510441340343236
167,168,0.9966719201436388,0.0014413047933917668,1.7555478604041007e-06,0.0014939712292038898,0.00039104828590501344,0.0,0.003328079856361074
168,169,0.9966956185895044,0.0017902207163516188,0.0012196674113118776,1.3166614731686336e-06,0.0002887877497816537,4.388871577228779e-06,0.003299992538918319
169,170,0.9969229621372048,0.0018643926460067853,4.388871577228778e-07,0.000901913109120514,0.000305465461775123,4.827758734951657e-06,0.0030722101040601447
170,171,0.9971388946188046,0.0018134817357109317,0.0005034035699081409,0.0005424645269454769,0.0,1.7555486308915115e-06,0.0028593498325645496
171,172,0.9985547445896186,0.0006030309547112343,1.3166614731686336e-06,0.000477948114760214,0.0003607652436482056,2.194435788614389e-06,0.0014430609745928224
172,173,0.9994092578857049,0.0002211991274923304,0.00017028821719647662,1.3166614731686336e-06,0.0001961825595021264,1.7555486308915115e-06,0.0005889865656641019
173,174,0.9948623869316959,0.002115436100224271,0.002669750580428266,4.388871577228778e-07,0.00033618756281572447,1.5799937678023605e-05,0.005121813130625984
174,175,0.9949492865889252,0.00368445768908356,0.000661402946688377,0.0006982694679370987,0.0,6.583307365843168e-06,0.005044130103709035
175,176,0.998406839617466,0.000344965305970182,1.7555486308915115e-06,0.001049379194115401,0.0001961825595021264,8.777743154457556e-07,0.001592282608218601
176,177,0.9948426370095984,0.003791546155567942,0.0007000250165679902,0.0006622807210038227,0.0,3.511097261783023e-06,0.005153851893139755
177,178,0.997776597658976,0.001334216959477549,4.388871577228778e-07,0.0008312522767271308,4.783870019179369e-05,9.655517469903314e-06,0.002213746823554196
178,179,0.9984235173294594,8.777743154457556e-07,0.0007803413664312769,0.00012947171152824898,0.000661402946688377,4.388871577228779e-06,0.001572093798963349
179,180,0.994374344412308,0.0002914210727279909,0.005293856896453353,4.388871577228778e-07,3.8183182721890377e-05,1.7555486308915115e-06,0.005623900039060957
180,181,0.9940864344368421,0.0044200325654271035,0.0011942119561639507,0.0002971266057783883,4.388871577228778e-07,1.7555486308915115e-06,0.005911810014527164
181,182,0.9978354075880991,0.00030941558199315425,0.0013895173511919525,0.0,0.0004625872672635242,3.0722114524142974e-06,0.002161520200448631
182,183,0.9970594547526892,8.777747006897993e-07,0.0014053172958043685,0.0003695431489904055,0.0011639292531146735,8.777747006897993e-07,0.0029396674726101376
183,184,0.9984682831472964,0.0005771368657035429,0.00031907110370074204,4.3888735034489964e-07,0.0006328755591973452,2.1944367517244983e-06,0.0015295224159519753
184,185,0.996808411188292,4.3888735034489964e-07,0.001447011594087134,4.915538323862876e-05,0.001692349622929933,2.6333241020693972e-06,0.003188955487606041
185,186,0.9969212052373304,0.0014114617187091973,0.001403122859052644,0.00025982131140418063,2.6333241020693972e-06,1.7555494013795986e-06,0.0030770392132680913
186,187,0.997375892532288,8.777747006897993e-07,0.0016072054769630225,0.00020364373056003344,0.0008110638234373745,1.3166620510346986e-06,0.00262279080566112
187,188,0.9953030275766088,0.0015088947104857648,0.0022760697988886496,8.777747006897993e-07,0.000909374589914632,1.7555494013795986e-06,0.004695216873989736
188,189,0.9966003785842285,0.0017603771622333926,1.3166620510346986e-06,0.0012749677527519336,0.0003533043170276442,9.655521707587794e-06,0.003389965894064005
189,190,0.998530166263695,0.0,0.00037261536044281977,0.00017336050338623534,0.0009225412104249789,1.3166620510346986e-06,0.0014685170742540345
190,191,0.9977054969323969,0.0,0.0005047204528966344,0.00041694298282765466,0.0013188564877864234,5.398314409242266e-05,0.002240519923510713
191,192,0.9960557193824504,0.0006416533062042432,0.002707057176927341,4.3888735034489964e-07,0.0005933756976663043,1.7555494013795986e-06,0.003942525068148232
192,193,0.998077234518139,0.00152996130330232,0.0001496605864676108,0.00023963249328831518,1.3166620510346986e-06,2.1944367517244983e-06,0.001920571045109281
193,194,0.99820582851179,8.777747006897993e-07,0.0006618421243201086,9.655521707587792e-05,0.0010340185974125834,8.777747006897993e-07,0.0017932937135092598
194,195,0.9971836598728367,0.0,0.0017344828085630432,0.0002290991968800376,0.000848369248216691,4.388873503448997e-06,0.002811951253659772
195,196,0.9982277728793072,0.0011165294192774246,0.0,0.0005894257115132003,6.363866580001045e-05,2.6333241020693972e-06,0.0017695937965906351
196,197,0.9985472828703584,4.3888735034489964e-07,0.0006280477983435514,0.00010621073878346569,0.0007158252684125313,2.1944367517244983e-06,0.0014505226928898931
197,198,0.9916782569501104,0.0002102270408152069,0.008054460653529598,0.0,4.4327622384834856e-05,1.272773316000209e-05,0.00830901531672964
198,199,0.9969269107728851,0.002032926206797575,0.0009725743683642976,6.539421520139004e-05,0.0,2.1944367517244983e-06,0.0030708947903632625
199,200,0.9981601842273542,0.0015769222497892244,0.00014088283946071277,0.00011630514784139842,8.777747006897993e-07,4.827760853793897e-06,0.0018349880117920247
200,201,0.9954856047143524,0.0011007294746650082,0.0028031735066528733,0.0,0.0006069812055269963,3.511098802759197e-06,0.004510884186844878
201,202,0.9977489457921218,0.0009809136585314472,1.3166626289012714e-06,0.0009940802848204598,0.0002743047143544315,4.388875429670905e-07,0.0022506153203352398
202,203,0.9982084610496084,0.0009642359318986977,0.0,0.0007237255583527321,9.567748436682573e-05,7.899975773407628e-06,0.0017836389746182554
203,204,0.998692115121958,0.00036383777311971803,0.0009163971897152847,0.0,2.721102766395961e-05,4.388875429670905e-07,0.0013074459904989625
204,205,0.9975782185379076,0.0013258792673035802,0.00081457527974692,0.0,0.00026421030086618843,1.7116614175716527e-05,0.0024046648479166878
205,206,0.9985108545667126,0.0003726155239790598,8.77775085934181e-07,0.0010858077813005818,2.940546537879506e-05,4.388875429670905e-07,0.0014887065457443711
206,207,0.9951775036778776,0.001975871718437841,8.77775085934181e-07,0.0024239758998072405,0.00040465431461565737,1.7116614175716527e-05,0.004805379707946673
207,208,0.9991547025922454,0.0005898648577477697,0.00011718297397221316,0.0001255218372885879,0.0,1.2727738746045626e-05,0.0008325696690085706
208,209,0.9965692160766264,1.3166626289012714e-06,0.0018459610057195825,0.00024972701194827444,0.0013329014679910535,8.77775085934181e-07,0.003429906148287812
209,210,0.9970993922285304,0.0009580915062971584,0.001880194234071016,5.354428024198504e-05,1.755550171868362e-06,7.022200687473448e-06,0.002893585570782028
210,211,0.997761673530868,1.3166626289012714e-06,0.0012398573088820304,6.802756915989902e-05,0.000922541615316824,6.5833131445063575e-06,0.002231743155987655
211,212,0.9974566399910116,0.0005029664487145388,0.0012920883289839465,4.388886987037861e-07,0.0007478663425912515,0.0,0.002543360008988441
212,213,0.9969115402272216,0.0018424547571584946,0.0,0.0009515106987898084,0.0002901054298432026,4.3888869870378615e-06,0.003084070885791505
213,214,0.997066467937864,0.0008294996405501558,0.0018622047486001644,0.0,0.00024138878428708242,4.388886987037861e-07,0.0029330931734374024
214,215,0.9973276055407088,0.0011639333397996294,0.0013320277851779322,0.0,0.000166777778704321,9.65555560919753e-06,0.002662738903681883
215,216,0.9948746532776236,0.003664284961904428,0.0009537059794248796,0.0004994557775359012,0.0,7.900003511112671e-06,0.005117446718865208
216,217,0.9987904206228896,0.0006517508617594728,4.3888946919829816e-07,0.0005332507050759323,1.9750026113923418e-05,4.388894691982982e-06,0.0012051904824185266
217,218,0.9980473807515368,1.7555578767931926e-06,0.0013956685120505882,3.028337337468257e-05,0.0005244729156919663,4.3888946919829816e-07,0.0019521803589940304
218,219,0.9992341378762488,0.00012508349872151497,1.3166684075948944e-06,0.0006298063882995579,9.65556832236256e-06,0.0,0.0007658621237510302
219,220,0.9977590303702736,0.0010265624684548194,0.0010638680733366748,4.3888946919829816e-07,0.00015010019846581796,0.0,0.0022409696297265107
220,221,0.9967399290227952,0.0021891806723611114,0.0006363897303375322,0.0004345005745063152,0.0,0.0,0.0032600709772049588
221,222,0.9981149697297932,0.0008979678539797179,1.3166684075948944e-06,0.000861101138567061,0.00012157238296792859,3.0722262843880877e-06,0.0018819580439223024
222,223,0.9985538591989916,8.777789383965963e-07,1.887224717552682e-05,0.00011279459358396264,0.0013131572918413082,4.3888946919829816e-07,0.001445701911539194
223,224,0.9954991884933716,4.3888946919829816e-07,0.002510008874345067,0.0005806507677493485,0.0014075185277189425,2.194447345991491e-06,0.004498617059282556
224,225,0.9959648502201908,8.777789383965963e-07,0.002475336606278401,0.0006210285989155918,0.0008527622386522933,8.514455702446984e-05,0.0039500052227846826
225,226,0.9970309127408736,0.0014917853058050155,0.0012767294658978493,0.00019267247697805288,8.777789383965963e-07,7.0222315071727705e-06,0.0029620650276193147
226,227,0.9985736092251056,0.0004810228582413348,4.3888946919829816e-07,0.0008913845119417435,5.3544515242192384e-05,0.0,0.0014263907748944694
227,228,0.9978854305374026,0.0011902682404657846,0.0005231562472843715,0.0003998283064396496,4.3888946919829816e-07,8.777789383965963e-07,0.002113691683659004
228,229,0.9978617258137358,4.388904323202425e-07,0.0007654249139665031,0.00019267289978858648,0.0011775430299152108,2.194452161601213e-06,0.0021360797341026206
229,230,0.9972420125232996,0.00037612910049844784,0.0017911118542989098,0.0,0.0005903076314707263,4.388904323202425e-07,0.002757548586268084
230,231,0.9947570125944054,0.001734056859158243,0.0028848280777643964,0.0,0.0006126913124234137,1.1411156248573605e-05,0.005231576249346053
231,232,0.9972301612659712,0.00120256031234968,0.0011687657342289042,0.00038227373432721576,0.0,1.6238953122970132e-05,0.0027535997809058
232,233,0.998055713678164,1.3166724527106116e-06,0.0008417925880996512,6.188360527739875e-05,0.0010353434386481107,3.9500173581318355e-06,0.0019403363044778715
233,234,0.9960706105102941,0.000585480350638652,0.002440671836507904,4.3889081757020387e-07,0.0008777816351404077,2.501677660150162e-05,0.0039043727131045335
234,235,0.9969176697882044,0.002009681053653964,0.00101164333449932,5.881136955440732e-05,1.3166724527106116e-06,8.777816351404075e-07,0.0030814524301604014
235,236,0.9958981264189888,0.002813290140625007,0.0005363245790707892,0.0007434810449639253,0.0,8.777816351404078e-06,0.0040930957646597215
236,237,0.9982360978041852,0.0007619144593018738,4.3889081757020387e-07,0.0007162698142745727,0.0002830845773327815,2.19445408785102e-06,0.0017617077417267984
237,238,0.9962935670456196,0.002648706084036181,0.0005183300555504106,0.0005372023607059295,4.3889081757020387e-07,1.7555632702808155e-06,0.0037046773911100905
238,239,0.9959718583084264,0.0020478654535719147,0.0,0.0014461458785939687,0.0005328136863772619,1.3166730305863143e-06,0.004026825018543146
239,240,0.9978674285814604,0.0011534055747936115,4.388910101954382e-07,0.0007259257308632548,0.0002286622163118233,2.4139005560749104e-05,0.002108432412978885
240,241,0.9978015949299308,0.0017546862587613618,0.00025280122187257243,0.0001667785838742665,0.0,2.4139005560749104e-05,0.0021742660645082007
241,242,0.9982453137412386,0.0009150877562574887,4.388910101954382e-07,0.0006890588860068379,0.00011674500871198654,3.33557167748533e-05,0.0017213305419865085
242,243,0.999084034461722,4.388910101954382e-07,0.000301518124004266,4.608355607052101e-05,0.0005674860761827015,4.388910101954382e-07,0.000915526647267684
243,244,0.9973710428489292,0.0,0.0015817632007443592,0.00011806168174257287,0.0008883154046355668,4.081686394817575e-05,0.002588140287122499
244,245,0.9976378885831282,0.0006363919647833854,0.0014272735651555649,0.0,0.00029844588693289794,0.0,0.0023621114168718483
245,246,0.998077657375344,0.0008593485979626679,2.1944550509771907e-06,0.0008316984643203552,0.00022822332530162784,8.777820203908764e-07,0.0019214648426356285
246,247,0.9989923062405912,0.0005955751008352096,0.0003471627890645916,6.144474142736135e-05,8.777820203908764e-07,2.633346061172629e-06,0.0010050604133475538
247,248,0.9986205655549556,0.0,0.00040772974847156203,8.338929193713325e-05,0.0008878765136253713,4.388910101954382e-07,0.0013789955540340667
248,249,0.99775463359184,0.000287473611678012,0.0015062739469907439,0.0,0.0004511799584809104,4.388910101954382e-07,0.0022449275171496663
249,250,0.9996054369818343,0.0002668457341988264,0.0001057727334571006,2.018898646899016e-05,0.0,1.7555640407817527e-06,0.0003928074541249172
250,251,0.9998182991217792,0.0,7.987816385556975e-05,7.461147173322449e-06,9.392267618182375e-05,4.388910101954382e-07,0.00018126198721071598
251,252,0.9997831877458064,0.0,4.432801148490499e-05,5.70558563667094e-06,0.00016633976586909896,4.388912028208415e-07,0.00021637336299067488
252,253,0.9997432486463498,4.388912028208415e-07,6.97837012485138e-05,9.655606462058513e-06,0.00013035068723778997,4.65224674990092e-05,0.0002102288861511831
253,254,0.9996945317228368,0.00016414530985499472,0.0,0.0001141117127334188,2.6333472169250493e-05,8.77782405641683e-07,0.000304590494757664
254,255,0.9994869361839024,0.00012640066641240238,0.0,0.00013035068723778997,5.3105835541321834e-05,0.00020320662690604963,0.0003098571891915141
255,256,0.9994426081724176,0.00016633976586909896,0.0002365623583204336,0.0,5.222805313568014e-05,0.00010226165025725608,0.0004551301773252127
256,257,0.9993223519828446,8.77782405641683e-07,0.0001119172567193146,7.856152530493064e-05,0.0002387568143345378,0.00024753463839095457,0.0004301133787644248
257,258,0.9992889962514302,0.00019618436766091616,0.0002334901199006877,0.0,7.548928688518474e-05,0.00020583997412297467,0.0005051637744467887
258,259,0.9990993952518116,8.997269657827252e-05,0.0,0.00019618436766091616,4.081688186233826e-05,0.0005736308020868399,0.00032697394610152686
259,260,0.9990006447311768,0.0,0.00013386181686035666,2.150566893822124e-05,0.000204962191717333,0.0006390255913071452,0.0003603296775159109
260,261,0.9992156993552233,0.00023261295004571066,0.00025587424505028167,0.0,6.232271491790739e-05,0.00023349073476286426,0.0005508099100138997
261,262,0.9984598286981888,0.0003050496023821082,0.00024228400074089747,4.389202911972779e-07,0.00012026415978805415,0.0008721346186089914,0.000668036683202257
262,263,0.9985827058511116,0.0001259719481978769,4.3892664877309024e-07,0.00044507162185591356,0.00012728872814419617,0.0007185229240415488,0.0006987712248467596
263,264,0.9980651646234138,0.0007378535090838063,0.0003669515369387639,0.00022824736747387227,8.77874490284124e-07,0.0006009050885994829,0.0013339302879867266
264,265,0.998406164994186,0.00027610085889753674,1.7558083236727299e-06,0.0004380741767563461,0.0002572259194180549,0.0006206782424183099,0.0009731567633956104
265,266,0.9982599188576848,0.0005115302878620229,0.0004865026257091171,1.1855208388218554e-05,0.0004750864991130548,0.0002551065212427771,0.0014849746210724133
266,267,0.9974803859221341,0.0005450306903663518,4.3918669650793885e-07,0.0010672236725142912,0.0009069205282888935,0.0,0.002519614077866045
267,268,0.9961680774449868,0.0015006130285366874,0.0008517823952964393,0.001477769973067159,1.7571581130406174e-06,0.0,0.003831922555013326
268,269,0.9958448516027848,0.001956475776579345,0.001278236701481181,1.7582348025875942e-06,0.000918677684352018,0.0,0.004155148397215132
